<?xml version = "1.0" encoding="UTF-8"?>
<?xml-stylesheet type="text/xsl" href="../XSL/DH.xsl.xml"?>
<Marking xmlns:xsi="http://www.w3.org/2001/XMLSchema-instance" 
xsi:noNamespaceSchemaLocation ="../XSL/Tanach.xsd">
<!-- Copyright C.V.Kimball 2004 -->
<DHheader>
  <name>NumbersDH</name>
  <hebrewname>תנ״ך</hebrewname>
  <title>DH sources in Numbers</title>
  <shortdescription>Documentary Hypothesis source markings from A.E.Friedman.
  </shortdescription>
     <description>Documentary Hypothesis (DH) source markings from  Richard E. Friedman's 
       "Who wrote the Bible, Second Edition", pages 246-253, 1997, have been added. 
       These markings appear as the 's' attribute on each verse and are one of 
       J, E, P, Dtr1, Dtr2, R, or Other. Friedman splits some verses between sources, 
       the decision on where to split a verse in the Hebrew text has been made by the transcriber
       and should be regarded as tentative.  Modified to count orthographic,
       rather than prosodic, words.
     </description>
  <date>19 Dec 2005</date>
  <copyright>© C. V. Kimball 2004</copyright>
  <filename>DHSpecification.Numbers.xml</filename>
</DHheader>
<DHbook>
  <names>
      <name>Numbers</name>
      <abbrev>Num</abbrev>
      <number>4</number>
      <filename>Numbers</filename>
      <hebrewname>במדבד</hebrewname>
    </names>
  <marking>
     <title>Documentary Hypothesis from R.E.Friedman's "Who wrote the Bible?".</title>
     <shorttitle>DH</shorttitle>
     <description>Documentary Hypothesis (DH) source markings from  Richard E. Friedman's 
       "Who wrote the Bible, Second Edition", pages 246-253, 1997, have been added. 
       These markings appear as the 's' attribute on each verse and are one of 
       J, E, P, Dtr1, Dtr2, R, or Other. Friedman splits some verses between sources, 
       the decision on where to split a verse in the Hebrew text has been made by the transcriber
       and should be regarded as tentative.  Modified to count orthographic,
       rather than prosodic, words.
     </description>
     <date>19 Dec 2005</date>
     <marks>
        <mark>
           <code>J</code>
           <label>J</label>
           <description>Judean source</description>
           <color>maroon</color>
           <style>normal</style>
           <relativesize>1</relativesize>
           <backgroundcolor>#ffffff</backgroundcolor>
           <textdecoration>none</textdecoration>
        </mark>
        <mark>
           <code>E</code>
           <label>E</label>
           <description>E (Shiloh) source</description>
           <color>blue</color>
           <style>normal</style>
           <relativesize>1</relativesize>
           <backgroundcolor>#ffffff</backgroundcolor>
           <textdecoration>none</textdecoration>
        </mark>
        <mark>
           <code>P</code>
           <label>P</label>
           <description>Priestly source</description>
           <color>black</color>
           <style>normal</style>
           <relativesize>1</relativesize>
           <backgroundcolor>#ffffff</backgroundcolor>
           <textdecoration>none</textdecoration>
        </mark>
        <mark>
           <code>R</code>
           <label>R</label>
           <description>Redactor</description>
           <color>green</color>
           <style>normal</style>
           <relativesize>.8</relativesize>
           <backgroundcolor>#ffffff</backgroundcolor>
           <textdecoration>none</textdecoration>
        </mark>
     </marks>
  </marking>
</DHbook>
<excerpts>
  <excerpt><range>1:1-2:34</range><source>P</source><note></note></excerpt>
  <excerpt><range>3:1</range><source>R</source><note></note></excerpt>
  <excerpt><range>3:2-9:14</range><source>P</source><note></note></excerpt>
  <excerpt><range>9:15-23</range><source>R</source><note></note></excerpt>
  <excerpt><range>10:1-10</range><source>P</source><note></note></excerpt>
  <excerpt><range>10:11-12</range><source>P</source><note></note></excerpt>
  <excerpt><range>10:13</range><source>R</source><note></note></excerpt>
  <excerpt><range>10:14-27</range><source>P</source><note></note></excerpt>
  <excerpt><range>10:28</range><source>R</source><note></note></excerpt>
  <excerpt><range>10:29-36</range><source>J</source><note></note></excerpt>
  <excerpt><range>11:1-3</range><source>E</source><note></note></excerpt>
  <excerpt><range>11:4-35</range><source>E</source><note></note></excerpt>
  <excerpt><range>12:1-16</range><source>E</source><note></note></excerpt>
  <excerpt><range>13:1-16</range><source>P</source><note></note></excerpt>
  <excerpt><range>13:17-20</range><source>J</source><note></note></excerpt>
  <excerpt><range>13:21-22</range><source>P</source><note></note></excerpt>
  <excerpt><range>13:23-24</range><source>J</source><note></note></excerpt>
  <excerpt><range>13:25-26</range><source>P</source><note></note></excerpt>
  <excerpt><range>13:27-31</range><source>J</source><note></note></excerpt>
  <excerpt><range>13:32</range><source>P</source><note></note></excerpt>
  <excerpt><range>13:33</range><source>J</source><note></note></excerpt>
  <excerpt><range>14:1.1-14:1.6</range><source>P</source><note>Split verse: CVK 19 Dec 2005. BSR has all P.</note></excerpt>
  <excerpt><range>14:1.7-14:1.99</range><source>J</source><note></note></excerpt>
  <excerpt><range>14:2-3</range><source>P</source><note></note></excerpt>
  <excerpt><range>14:4</range><source>J</source><note></note></excerpt>
  <excerpt><range>14:5-10</range><source>P</source><note></note></excerpt>
  <excerpt><range>14:11-25</range><source>J</source><note></note></excerpt>
  <excerpt><range>14:26-39</range><source>P</source><note></note></excerpt>
  <excerpt><range>14:40-45</range><source>J</source><note></note></excerpt>
  <excerpt><range>15:1-31</range><source>R</source><note></note></excerpt>
  <excerpt><range>15:32-36</range><source>P</source><note></note></excerpt>
  <excerpt><range>15:37-41</range><source>P</source><note></note></excerpt>
  <excerpt><range>16:1.1-16:1.8</range><source>P</source><note>Split verse: CVK 19 Dec 2005.</note></excerpt>
  <excerpt><range>16:1.9-16:2.3</range><source>J</source><note>Split verse: CVK 10 Aug 2004.</note></excerpt>
  <excerpt><range>16:2.4-16:11.99</range><source>P</source><note></note></excerpt>
  <excerpt><range>16:12-14</range><source>J</source><note></note></excerpt>
  <excerpt><range>16:15-24</range><source>P</source><note>*WWB: Special note on 16:24.</note></excerpt>
  <excerpt><range>16:25</range><source>J</source><note></note></excerpt>
  <excerpt><range>16:26</range><source>P</source><note></note></excerpt>
  <excerpt><range>16:27.1-16:27.4</range><source>P</source>
    <note>*WWB: Special note on 16:27. Split between P and J in WWB, three-way split in BSR.  Taken as 3 sources, CVK 19 Dec 2005.</note></excerpt>
  <excerpt><range>16:27.5-16:27.6</range><source>R</source><note></note></excerpt>
  <excerpt><range>16:27.7-16:32.6</range><source>J</source><note>Split verse: CVK 10 Aug 2004.</note></excerpt>
  <excerpt><range>16:32.7-16:32.99</range><source>P</source><note></note></excerpt>
  <excerpt><range>16:33-34</range><source>J</source><note></note></excerpt>
  <excerpt><range>16:35</range><source>P</source><note></note></excerpt>
  <excerpt><range>17:1-18:32</range><source>P</source><note></note></excerpt>
  <excerpt><range>19:1-22</range><source>P</source><note></note></excerpt>
  <excerpt><range>20:1.1-20:1.5</range><source>R</source><note></note></excerpt>
  <excerpt><range>20:1.6-20:13.99</range><source>P</source><note></note></excerpt>
  <excerpt><range>20:14-21</range><source>J</source><note></note></excerpt>
  <excerpt><range>20:22</range><source>R</source><note></note></excerpt>
  <excerpt><range>20:23-29</range><source>P</source><note></note></excerpt>
  <excerpt><range>21:1-3</range><source>J</source><note></note></excerpt>
  <excerpt><range>21:4.1-21:4.10</range><source>R</source><note>*WWB: Special note. Split verse: CVK 19 Dec 2005.</note></excerpt>
  <excerpt><range>21:4.11-21:9.99</range><source>E</source><note></note></excerpt>
  <excerpt><range>21:10-11</range><source>R</source><note></note></excerpt>
  <excerpt><range>21:12-20</range><source>R</source><note>*WWB: Special note.</note></excerpt>
  <excerpt><range>21:21-35</range><source>J</source><note></note></excerpt>
  <excerpt><range>22:1</range><source>R</source><note></note></excerpt>
  <excerpt><range>22:2-24:25</range><source>E</source><note></note></excerpt>
  <excerpt><range>25:1-5</range><source>J</source><note></note></excerpt>
  <excerpt><range>25:6-19</range><source>P</source><note></note></excerpt>
  <excerpt><range>26:1-8</range><source>P</source><note></note></excerpt>
  <excerpt><range>26:9-11</range><source>R</source><note></note></excerpt>
  <excerpt><range>26:12-65</range><source>P</source><note></note></excerpt>
  <excerpt><range>27:1-11</range><source>P</source><note></note></excerpt>
  <excerpt><range>27:12-23</range><source>P</source><note></note></excerpt>
  <excerpt><range>28:1-31</range><source>R</source><note></note></excerpt>
  <excerpt><range>29:1-39</range><source>R</source><note></note></excerpt>
  <excerpt><range>30:1-17</range><source>P</source><note></note></excerpt>
  <excerpt><range>31:1-54</range><source>P</source><note></note></excerpt>
  <excerpt><range>32:1-42</range><source>P</source><note>*WWB: Special note: Source identification difficult.</note></excerpt>
  <excerpt><range>33:1-49</range><source>R</source><note>*WWB: Special note.</note></excerpt>
  <excerpt><range>33:50-56</range><source>P</source><note></note></excerpt>
  <excerpt><range>34:1-29</range><source>P</source><note></note></excerpt>
  <excerpt><range>35:1-34</range><source>P</source><note></note></excerpt>
  <excerpt><range>36:1-13</range><source>P</source><note></note></excerpt>
 </excerpts>
</Marking>
