<?xml version = "1.0" encoding="UTF-8"?>
<?xml-stylesheet type="text/xsl" href="../XSL/DH.xsl.xml"?>
<Marking xmlns:xsi="http://www.w3.org/2001/XMLSchema-instance" 
xsi:noNamespaceSchemaLocation ="../XSL/Tanach.xsd">
<!-- Copyright C.V.Kimball 2004 -->
<DHheader>
  <name>ExodusDH</name>
  <hebrewname>תנ״ך</hebrewname>
  <title>DH sources in Exodus</title>
  <shortdescription>Documentary Hypothesis source markings from A.E.Friedman.
  </shortdescription>
     <description>Documentary Hypothesis (DH) source markings from  Richard E. Friedman's 
       "Who wrote the Bible, Second Edition", pages 246-253, 1997, have been added. 
       These markings appear as the 's' attribute on each verse and are one of 
       J, E, P, Dtr1, Dtr2, R, or Other. Friedman splits some verses between sources, 
       the decision on where to split a verse in the Hebrew text has been made by the transcriber
       and should be regarded as tentative.  Modified to count orthographic,
       rather than prosodic, words.
     </description>
  <date>19 Dec 2005</date>
  <copyright>© C. V. Kimball 2004</copyright>
  <filename>DHSpecification.Exodus.xml</filename>
</DHheader>
<DHbook>
  <names>
    <name>Exodus</name>
    <abbrev>Ex</abbrev>
    <number>2</number>
    <filename>Exodus</filename>
    <hebrewname>תנ״ך</hebrewname>  
  </names>
  <marking>
     <title>Documentary Hypothesis from R.E.Friedman's "Who wrote the Bible?".</title>
     <shorttitle>DH</shorttitle>
     <description>Documentary Hypothesis (DH) source markings from  Richard E. Friedman's 
       "Who wrote the Bible, Second Edition", pages 246-253, 1997, have been added. 
       These markings appear as the 's' attribute on each verse and are one of 
       J, E, P, Dtr1, Dtr2, R, or Other. Friedman splits some verses between sources, 
       the decision on where to split a verse in the Hebrew text has been made by the transcriber
       and should be regarded as tentative.  Modified to count orthographic,
       rather than prosodic, words.
     </description>
     <date>19 Dec 2004</date>
     <marks>
        <mark>
           <code>J</code>
           <label>J</label>
           <description>Judean source</description>
           <color>maroon</color>
           <style>normal</style>
           <relativesize>1</relativesize>
           <backgroundcolor>#ffffff</backgroundcolor>
           <textdecoration>none</textdecoration>
        </mark>
        <mark>
           <code>E</code>
           <label>E</label>
           <description>E (Shiloh) source</description>
           <color>blue</color>
           <style>normal</style>
           <relativesize>1</relativesize>
           <backgroundcolor>#ffffff</backgroundcolor>
           <textdecoration>none</textdecoration>
        </mark>
        <mark>
           <code>P</code>
           <label>P</label>
           <description>Priestly source</description>
           <color>black</color>
           <style>normal</style>
           <relativesize>1</relativesize>
           <backgroundcolor>#ffffff</backgroundcolor>
           <textdecoration>none</textdecoration>
        </mark>
        <mark>
           <code>R</code>
           <label>R</label>
           <description>Redactor</description>
           <color>green</color>
           <style>normal</style>
           <relativesize>.8</relativesize>
           <backgroundcolor>#ffffff</backgroundcolor>
           <textdecoration>none</textdecoration>
        </mark>
     </marks>
  </marking>
</DHbook>
<excerpts>
  <excerpt><range>1:1-5</range><source>R</source><note></note></excerpt>
  <excerpt><range>1:6</range><source>J</source><note></note></excerpt>
  <excerpt><range>1:7</range><source>P</source><note></note></excerpt>
  <excerpt><range>1:8-12</range><source>E</source><note></note></excerpt>
  <excerpt><range>1:13-14</range><source>P</source><note></note></excerpt>
  <excerpt><range>1:15-21</range><source>E</source><note></note></excerpt>
  <excerpt><range>1:22</range><source>J</source><note></note></excerpt>
  <excerpt><range>2:1.1-2:23.7</range><source>J</source><note>Split verse: CVK 10 Aug 2004.</note></excerpt>
  <excerpt><range>2:23.8-2:25.99</range><source>P</source><note></note></excerpt>
  <excerpt><range>3:1</range><source>E</source><note></note></excerpt>
  <excerpt><range>3:2.1-3:4.5</range><source>J</source><note>Split verse: CVK 10 Aug 2004.</note></excerpt>
  <excerpt><range>3:4.6-3:4.99</range><source>E</source><note></note></excerpt>
  <excerpt><range>3:5</range><source>J</source><note></note></excerpt>
  <excerpt><range>3:6</range><source>E</source><note></note></excerpt>
  <excerpt><range>3:7-8</range><source>J</source><note></note></excerpt>
  <excerpt><range>3:9-18</range><source>E</source><note></note></excerpt>
  <excerpt><range>3:19-22</range><source>J</source><note></note></excerpt>
  <excerpt><range>4:1-18</range><source>E</source><note></note></excerpt>
  <excerpt><range>4:19.1-4:20.12</range><source>J</source><note>Split verse: CVK 19 Dec 2005.</note></excerpt>
  <excerpt><range>4:20.13-4:20.99</range><source>E</source><note></note></excerpt>
  <excerpt><range>4:21.1-4:21.16</range><source>E</source><note>Split verse: CVK 19 Dec 2005.</note></excerpt>
  <excerpt><range>4:21.17-4:21.99</range><source>R</source><note></note></excerpt>
  <excerpt><range>4:22-23</range><source>E</source><note></note></excerpt>
  <excerpt><range>4:24-26</range><source>J</source><note></note></excerpt>
  <excerpt><range>4:27-31</range><source>E</source><note></note></excerpt>
  <excerpt><range>5:1-2</range><source>J</source><note></note></excerpt>
  <excerpt><range>5:3-6:1</range><source>E</source><note></note></excerpt>
  <excerpt><range>6:2-12</range><source>P</source><note></note></excerpt>
  <excerpt><range>6:13</range><source>R</source><note></note></excerpt>
  <excerpt><range>6:14-25</range><source>P</source><note></note></excerpt>
  <excerpt><range>6:26-30</range><source>R</source><note></note></excerpt>
  <excerpt><range>7:1-9</range><source>P</source><note></note></excerpt>
  <excerpt><range>7:10-13</range><source>P</source><note></note></excerpt>
  <excerpt><range>7:14-18</range><source>E</source><note></note></excerpt>
  <excerpt><range>7:19.1-7:20.7</range><source>P</source><note>Split verse: CVK 19 Dec 2005.</note></excerpt>
  <excerpt><range>7:20.8-7:21.13</range><source>E</source><note>Split verse: CVK 19 Dec 2005.  BSR has all E.</note></excerpt>
  <excerpt><range>7:21.14-7:21.99</range><source>P</source><note></note></excerpt>
  <excerpt><range>7:22</range><source>P</source><note></note></excerpt>
  <excerpt><range>7:23-29</range><source>E</source><note></note></excerpt>
  <excerpt><range>8:1.1-8:3.4</range><source>P</source><note>Split verse: CVK 19 Dec 2005.</note></excerpt>
  <excerpt><range>8:3.5-8:11.8</range><source>E</source><note>Split verse: CVK 19 Dec 2005.</note></excerpt>
  <excerpt><range>8:11.9-8:11.99</range><source>R</source><note></note></excerpt>
  <excerpt><range>8:12-15</range><source>P</source><note></note></excerpt>
  <excerpt><range>8:16-28</range><source>E</source><note></note></excerpt>
  <excerpt><range>9:1-7</range><source>E</source><note></note></excerpt>
  <excerpt><range>9:8-12</range><source>P</source><note></note></excerpt>
  <excerpt><range>9:13-34</range><source>E</source><note></note></excerpt>
  <excerpt><range>9:35</range><source>R</source><note></note></excerpt>
  <excerpt><range>10:1-19</range><source>E</source><note></note></excerpt>
  <excerpt><range>10:20</range><source>R</source><note></note></excerpt>
  <excerpt><range>10:21-26</range><source>E</source><note></note></excerpt>
  <excerpt><range>10:27</range><source>R</source><note></note></excerpt>
  <excerpt><range>10:28-29</range><source>E</source><note></note></excerpt>
  <excerpt><range>11:1-8</range><source>E</source><note></note></excerpt>
  <excerpt><range>11:9-10</range><source>R</source><note></note></excerpt>
  <excerpt><range>12:1-20</range><source>P</source><note></note></excerpt>
  <excerpt><range>12:21-23</range><source>E</source><note></note></excerpt>
  <excerpt><range>12:24-27</range><source>E</source><note>*WWB: Special note.</note></excerpt>
  <excerpt><range>12:28</range><source>P</source><note></note></excerpt>
  <excerpt><range>12:29-36</range><source>E</source><note></note></excerpt>
  <excerpt><range>12:37.1-12:37.5</range><source>R</source><note>Split verse: CVK 19 Dec 2005.</note></excerpt>
  <excerpt><range>12:37.6-12:39.99</range><source>E</source><note></note></excerpt>
  <excerpt><range>12:40-49</range><source>P</source><note></note></excerpt>
  <excerpt><range>12:50-51</range><source>R</source><note></note></excerpt>
  <excerpt><range>13:1-16</range><source>E</source><note>*WWB: Special note.</note></excerpt>
  <excerpt><range>13:17-19</range><source>E</source><note></note></excerpt>
  <excerpt><range>13:20</range><source>R</source><note></note></excerpt>
  <excerpt><range>13:21-22</range><source>J</source><note></note></excerpt>
  <excerpt><range>14:1-4</range><source>P</source><note></note></excerpt>
  <excerpt><range>14:5-7</range><source>J</source><note>*WWB: Special note: 14:5b and 14:7 might be E. Taken as J.</note></excerpt>
  <excerpt><range>14:8</range><source>P</source><note></note></excerpt>
  <excerpt><range>14:9.1-14:9.3</range><source>J</source><note>Split verse: CVK 10 Aug 2004.</note></excerpt>
  <excerpt><range>14:9.4-14:9.99</range><source>P</source><note></note></excerpt>
  <excerpt><range>14:10.1-14:10.2</range><source>P</source><note>Split verse: CVK 10 Aug 2004.</note></excerpt>
  <excerpt><range>14:10.3-14:10.99</range><source>J</source><note></note></excerpt>
  <excerpt><range>14:11-12</range><source>E</source><note></note></excerpt>
  <excerpt><range>14:13-14</range><source>J</source><note></note></excerpt>
  <excerpt><range>14:15-18</range><source>P</source><note></note></excerpt>
  <excerpt><range>14:19.1-14:19.9</range><source>E</source><note>Split verse: CVK 10 Aug 2004.</note></excerpt>
  <excerpt><range>14:19.10-14:19.99</range><source>J</source><note></note></excerpt>
  <excerpt><range>14:20.1-14:20.7</range><source>E</source><note>Split verse: CVK 10 Aug 2004.</note></excerpt>
  <excerpt><range>14:20.8-14:20.99</range><source>J</source><note></note></excerpt>
  <excerpt><range>14:21.1-14:21.6</range><source>P</source><note>Split verse: CVK 19 Dec 2005.</note></excerpt>
  <excerpt><range>14:21.7-14:21.99</range><source>J</source><note></note></excerpt>
  <excerpt><range>14:22-23</range><source>P</source><note></note></excerpt>
  <excerpt><range>14:24</range><source>J</source><note></note></excerpt>
  <excerpt><range>14:25.1-14:25.6</range><source>E</source><note>Split verse: CVK 10 Aug 2004.</note></excerpt>
  <excerpt><range>14:25.7-14:25.99</range><source>J</source><note></note></excerpt>
  <excerpt><range>14:26.1-14:27.6</range><source>P</source><note>Split verse: CVK 19 Dec 2005.</note></excerpt>
  <excerpt><range>14:27.7-14:27.99</range><source>J</source><note></note></excerpt>
  <excerpt><range>14:28-29</range><source>P</source><note></note></excerpt>
  <excerpt><range>14:30-31</range><source>J</source><note></note></excerpt>
  <excerpt><range>15:1-18</range><source>J</source><note>*WWB: Special note: Song of the Sea.</note></excerpt>
  <excerpt><range>15:19</range><source>R</source><note></note></excerpt>
  <excerpt><range>15:20-21</range><source>E</source><note></note></excerpt>
  <excerpt><range>15:22.1-15:22.10</range><source>R</source><note>Split verse: CVK 19 Dec 2005.</note></excerpt>
  <excerpt><range>15:22.11-15:25.11</range><source>J</source><note>Split verse: CVK 19 Dec 2005.</note></excerpt>
  <excerpt><range>15:25.12-15:26.99</range><source>E</source><note></note></excerpt>
  <excerpt><range>15:27</range><source>R</source><note></note></excerpt>
  <excerpt><range>16:1</range><source>R</source><note></note></excerpt>
  <excerpt><range>16:2-3</range><source>P</source><note></note></excerpt>
  <excerpt><range>16:4-5</range><source>J</source><note></note></excerpt>
  <excerpt><range>16:6.1-16:35.12</range><source>P</source><note>Split verse: CVK 19 Dec 2005.</note></excerpt>
  <excerpt><range>16:35.13-16:35.99</range><source>J</source><note></note></excerpt>
  <excerpt><range>16:36</range><source>P</source><note></note></excerpt>
  <excerpt><range>17:1</range><source>R</source><note></note></excerpt>
  <excerpt><range>17:2-7</range><source>E</source><note></note></excerpt>
  <excerpt><range>17:8-16</range><source>E</source><note></note></excerpt>
  <excerpt><range>18:1-27</range><source>E</source><note></note></excerpt>
  <excerpt><range>19:1</range><source>P</source><note></note></excerpt>
  <excerpt><range>19:2.1-19:2.7</range><source>R</source><note>Split verse: CVK 10 Aug 2004.</note></excerpt>
  <excerpt><range>19:2.8-19:9.99</range><source>E</source><note></note></excerpt>
  <excerpt><range>19:10.1-19:16.5</range><source>J</source><note>Split verse: CVK 10 Aug 2004.</note></excerpt>
  <excerpt><range>19:16.6-19:17.99</range><source>E</source><note></note></excerpt>
  <excerpt><range>19:18</range><source>J</source><note></note></excerpt>
  <excerpt><range>19:19</range><source>E</source><note></note></excerpt>
  <excerpt><range>19:20-25</range><source>J</source><note></note></excerpt>
  <excerpt><range>20:1-17</range><source>P</source><note>*WWB: Special note.</note></excerpt>
  <excerpt><range>20:18-26</range><source>E</source><note></note></excerpt>
  <excerpt><range>21:1-37</range><source>E</source><note>*WWB: Special note. Last verse is a misprint (27) in WWB.</note></excerpt>
  <excerpt><range>22:1-30</range><source>E</source><note></note></excerpt>
  <excerpt><range>23:1-33</range><source>E</source><note></note></excerpt>
  <excerpt><range>24:1.1-24:15.5</range><source>E</source><note></note></excerpt>
  <excerpt><range>24:15.6-24:18.5</range><source>P</source><note>WWB ambiguity: 24:18b either E or R, taken as E.</note></excerpt>
  <excerpt><range>24:18.6-24:18.99</range><source>E</source><note></note></excerpt>
  <excerpt><range>25:1-31:11</range><source>P</source><note></note></excerpt>
  <excerpt><range>31:12-17</range><source>P</source><note></note></excerpt>
  <excerpt><range>31:18</range><source>P</source><note></note></excerpt>
  <excerpt><range>32:1-33:11</range><source>E</source><note></note></excerpt>
  <excerpt><range>33:12-23</range><source>E</source><note></note></excerpt>
  <excerpt><range>34:1.1-34:1.5</range><source>J</source><note></note></excerpt>
  <excerpt><range>34:1.6-34:1.99</range><source>R</source><note></note></excerpt>
  <excerpt><range>34:2-13</range><source>J</source><note></note></excerpt>
  <excerpt><range>34:14-28</range><source>J</source><note></note></excerpt>
  <excerpt><range>34:29-35</range><source>P</source><note></note></excerpt>
  <excerpt><range>35:1-40:38</range><source>P</source><note>Range is a range of chapters in WWB.</note></excerpt>
</excerpts>
</Marking>
