<?xml version = "1.0" encoding="UTF-8"?>
<?xml-stylesheet type="text/xsl" href="XSL/Statistics.xsl.xml"?>
<!-- Copyright C.V.Kimball 2013 -->
<Statistics>
<header>
  <title>Statistics of the Westminster Leningrad Codex</title>
  <description>Statistics of chapters, verses, characters, and verse XML tags in the WLC Tanach.  Torah-only statistics are also given. </description>
  <version>4.20</version>
  <date>30 Jan 2016</date>
  <creationdate>Book; getSingleNode(): Path not found: /Tanach/teiHeader/profileDesc/creation/date</creationdate>
</header>
<coding>
  <char>
    <value>֑</value>
    <hexvalue>0591</hexvalue>
    <name>Etnachta</name>
    <mccode>92</mccode>
    <type>Accent</type>
    <equivalents/>
    <notes/>
    <group>7</group>
  </char>
  <char>
    <value>֒</value>
    <hexvalue>0592</hexvalue>
    <name>Segol</name>
    <mccode>1</mccode>
    <type>Accent</type>
    <equivalents/>
    <notes/>
    <group>11</group>
  </char>
  <char>
    <value>֓</value>
    <hexvalue>0593</hexvalue>
    <name>Shalshelet</name>
    <mccode>65</mccode>
    <type>Accent</type>
    <equivalents/>
    <notes/>
    <group>11</group>
  </char>
  <char>
    <value>֔</value>
    <hexvalue>0594</hexvalue>
    <name>Zaqef Qatan</name>
    <mccode>80</mccode>
    <type>Accent</type>
    <equivalents/>
    <notes/>
    <group>11</group>
  </char>
  <char>
    <value>֕</value>
    <hexvalue>0595</hexvalue>
    <name>Zaqef Gadol</name>
    <mccode>85</mccode>
    <type>Accent</type>
    <equivalents/>
    <notes/>
    <group>11</group>
  </char>
  <char>
    <value>֖</value>
    <hexvalue>0596</hexvalue>
    <name>Tipeha</name>
    <mccode>73</mccode>
    <type>Accent</type>
    <equivalents>Tarha</equivalents>
    <notes> </notes>
    <group>7</group>
  </char>
  <char>
    <value>֗</value>
    <hexvalue>0597</hexvalue>
    <name>Revia</name>
    <mccode>81</mccode>
    <type>Accent</type>
    <equivalents/>
    <notes/>
    <group>11</group>
  </char>
  <char>
    <value>֘</value>
    <hexvalue>0598</hexvalue>
    <name>Zarqa</name>
    <mccode>82</mccode>
    <type>Accent</type>
    <equivalents>Tsinorit, Zinorit, Tsinor, Zinor</equivalents>
    <notes>This character is to be used when Zarqa or Tsinor are placed above, and also for Tsinorit.</notes>
    <group>11</group>
  </char>
  <char>
    <value>֙</value>
    <hexvalue>0599</hexvalue>
    <name>Pashta</name>
    <mccode>3, 33</mccode>
    <type>Accent</type>
    <equivalents/>
    <notes/>
    <group>13</group>
  </char>
  <char>
    <value>֚</value>
    <hexvalue>059a</hexvalue>
    <name>Yetiv</name>
    <mccode>10</mccode>
    <type>Accent</type>
    <equivalents/>
    <notes/>
    <group>10</group>
  </char>
  <char>
    <value>֛</value>
    <hexvalue>059b</hexvalue>
    <name>Tevir</name>
    <mccode>91</mccode>
    <type>Accent</type>
    <equivalents/>
    <notes/>
    <group>7</group>
  </char>
  <char>
    <value>֜</value>
    <hexvalue>059c</hexvalue>
    <name>Geresh</name>
    <mccode>61</mccode>
    <type>Accent</type>
    <equivalents/>
    <notes/>
    <group>11</group>
  </char>
  <char>
    <value>֝</value>
    <hexvalue>059d</hexvalue>
    <name>Geresh Muqdam</name>
    <mccode>11</mccode>
    <type>Accent</type>
    <equivalents/>
    <notes/>
    <group>11</group>
  </char>
  <char>
    <value>֞</value>
    <hexvalue>059e</hexvalue>
    <name>Gereshayim</name>
    <mccode>12, 62</mccode>
    <type>Accent</type>
    <equivalents/>
    <notes/>
    <group>11</group>
  </char>
  <char>
    <value>֟</value>
    <hexvalue>059f</hexvalue>
    <name>Qarney Para</name>
    <mccode>84</mccode>
    <type>Accent</type>
    <equivalents/>
    <notes/>
    <group>11</group>
  </char>
  <char>
    <value>֠</value>
    <hexvalue>05a0</hexvalue>
    <name>Telisha Gedola</name>
    <mccode>14, 44</mccode>
    <type>Accent</type>
    <equivalents/>
    <notes/>
    <group>11</group>
  </char>
  <char>
    <value>֡</value>
    <hexvalue>05a1</hexvalue>
    <name>Pazer</name>
    <mccode>83</mccode>
    <type>Accent</type>
    <equivalents/>
    <notes/>
    <group>11</group>
  </char>
  <char>
    <value>֣</value>
    <hexvalue>05a3</hexvalue>
    <name>Munah</name>
    <mccode>74</mccode>
    <type>Accent</type>
    <equivalents/>
    <notes/>
    <group>7</group>
  </char>
  <char>
    <value>֤</value>
    <hexvalue>05a4</hexvalue>
    <name>Mahapakh</name>
    <mccode>70</mccode>
    <type>Accent</type>
    <equivalents/>
    <notes/>
    <group>7</group>
  </char>
  <char>
    <value>֥</value>
    <hexvalue>05a5</hexvalue>
    <name>Merkha</name>
    <mccode>71</mccode>
    <type>Accent</type>
    <equivalents>Yored</equivalents>
    <notes> </notes>
    <group>7</group>
  </char>
  <char>
    <value>֦</value>
    <hexvalue>05a6</hexvalue>
    <name>Merkha Kefula</name>
    <mccode>72</mccode>
    <type>Accent</type>
    <equivalents/>
    <notes/>
    <group>7</group>
  </char>
  <char>
    <value>֧</value>
    <hexvalue>05a7</hexvalue>
    <name>Darga</name>
    <mccode>94</mccode>
    <type>Accent</type>
    <equivalents/>
    <notes/>
    <group>7</group>
  </char>
  <char>
    <value>֨</value>
    <hexvalue>05a8</hexvalue>
    <name>Qadma</name>
    <mccode>63</mccode>
    <type>Accent</type>
    <equivalents/>
    <notes/>
    <group>11</group>
  </char>
  <char>
    <value>֩</value>
    <hexvalue>05a9</hexvalue>
    <name>Telisha Qetana</name>
    <mccode>4, 24</mccode>
    <type>Accent</type>
    <equivalents/>
    <notes/>
    <group>13</group>
  </char>
  <char>
    <value>֪</value>
    <hexvalue>05aa</hexvalue>
    <name>Yerah Ben Yomo</name>
    <mccode>93</mccode>
    <type>Accent</type>
    <equivalents>Galgal</equivalents>
    <notes> </notes>
    <group>7</group>
  </char>
  <char>
    <value>֫</value>
    <hexvalue>05ab</hexvalue>
    <name>Ole</name>
    <mccode>60</mccode>
    <type>Accent</type>
    <equivalents/>
    <notes/>
    <group>11</group>
  </char>
  <char>
    <value>֬</value>
    <hexvalue>05ac</hexvalue>
    <name>Iluy</name>
    <mccode>64</mccode>
    <type>Accent</type>
    <equivalents/>
    <notes/>
    <group>11</group>
  </char>
  <char>
    <value>֭</value>
    <hexvalue>05ad</hexvalue>
    <name>Dehi</name>
    <mccode>13</mccode>
    <type>Accent</type>
    <equivalents/>
    <notes/>
    <group>10</group>
  </char>
  <char>
    <value>֮</value>
    <hexvalue>05ae</hexvalue>
    <name>Zinor</name>
    <mccode>2</mccode>
    <type>Accent</type>
    <equivalents>Tsinor, Zarqa</equivalents>
    <notes>This character is to be used when Zarqa or Tsinor are placed above left.</notes>
    <group>13</group>
  </char>
  <char>
    <value>ְ</value>
    <hexvalue>05b0</hexvalue>
    <name>Sheva</name>
    <mccode>:</mccode>
    <type>Point</type>
    <equivalents/>
    <notes/>
    <group>7</group>
  </char>
  <char>
    <value>ֱ</value>
    <hexvalue>05b1</hexvalue>
    <name>Hataf Segol</name>
    <mccode>:E</mccode>
    <type>Point</type>
    <equivalents/>
    <notes/>
    <group>7</group>
  </char>
  <char>
    <value>ֲ</value>
    <hexvalue>05b2</hexvalue>
    <name>Hataf Patah</name>
    <mccode>:A</mccode>
    <type>Point</type>
    <equivalents/>
    <notes/>
    <group>7</group>
  </char>
  <char>
    <value>ֳ</value>
    <hexvalue>05b3</hexvalue>
    <name>Hataf Qamats</name>
    <mccode>:F</mccode>
    <type>Point</type>
    <equivalents/>
    <notes/>
    <group>7</group>
  </char>
  <char>
    <value>ִ</value>
    <hexvalue>05b4</hexvalue>
    <name>Hiriq</name>
    <mccode>I</mccode>
    <type>Point</type>
    <equivalents/>
    <notes/>
    <group>7</group>
  </char>
  <char>
    <value>ֵ</value>
    <hexvalue>05b5</hexvalue>
    <name>Tsere</name>
    <mccode>"</mccode>
    <type>Point</type>
    <equivalents/>
    <notes/>
    <group>7</group>
  </char>
  <char>
    <value>ֶ</value>
    <hexvalue>05b6</hexvalue>
    <name>Segol</name>
    <mccode>E</mccode>
    <type>Point</type>
    <equivalents/>
    <notes/>
    <group>7</group>
  </char>
  <char>
    <value>ַ</value>
    <hexvalue>05b7</hexvalue>
    <name>Patah</name>
    <mccode>A</mccode>
    <type>Point</type>
    <equivalents> </equivalents>
    <notes>Furtive patah is not a distinct character.</notes>
    <group>7</group>
  </char>
  <char>
    <value>ָ</value>
    <hexvalue>05b8</hexvalue>
    <name>Qamats</name>
    <mccode>F</mccode>
    <type>Point</type>
    <equivalents/>
    <notes/>
    <group>7</group>
  </char>
  <char>
    <value>ֹ</value>
    <hexvalue>05b9</hexvalue>
    <name>Holam</name>
    <mccode>O</mccode>
    <type>Point</type>
    <equivalents/>
    <notes>OW is usually a holam vav with exceptions set by the Donnelly/Kirk algorithm.</notes>
    <group>5</group>
  </char>
  <char>
    <value>ֺ</value>
    <hexvalue>05ba</hexvalue>
    <name>Holam haser after vav</name>
    <mccode>O</mccode>
    <type>Point</type>
    <equivalents/>
    <notes>WO is usually a vav holam-haser with exceptions set by the Donnelly/Kirk algorithm.</notes>
    <group>5</group>
  </char>
  <char>
    <value>ֻ</value>
    <hexvalue>05bb</hexvalue>
    <name>Qubuts</name>
    <mccode>U</mccode>
    <type>Point</type>
    <equivalents/>
    <notes/>
    <group>7</group>
  </char>
  <char>
    <value>ּ</value>
    <hexvalue>05bc</hexvalue>
    <name>Dagesh</name>
    <mccode>.</mccode>
    <type>Point</type>
    <equivalents>Mapiq, Shuriq</equivalents>
    <notes>Falls within base letter.</notes>
    <group>3</group>
  </char>
  <char>
    <value>ֽ</value>
    <hexvalue>05bd</hexvalue>
    <name>Meteg</name>
    <mccode>35, 75, 95</mccode>
    <type>Point</type>
    <equivalents>Siluq</equivalents>
    <notes>Maybe used as a Hebrew accent sof pasuq.Left (75), center (35), and right (95) metegs are separately grouped to produce correct positioning. The center meteg is preceded by a ZWJ, u200D, for positioning.</notes>
    <group>8, 8, 6</group>
  </char>
  <char>
    <value>־</value>
    <hexvalue>05be</hexvalue>
    <name>Maqaf</name>
    <mccode>-</mccode>
    <type>Point</type>
    <equivalents> </equivalents>
    <notes>An accent displayed in the Vowels content mode.</notes>
    <group>16</group>
  </char>
  <char>
    <value>ֿ</value>
    <hexvalue>05bf</hexvalue>
    <name>Rafe</name>
    <mccode>,</mccode>
    <type>Point</type>
    <equivalents/>
    <notes/>
    <group>4</group>
  </char>
  <char>
    <value>׀</value>
    <hexvalue>05c0</hexvalue>
    <name>Paseq</name>
    <mccode>5</mccode>
    <type>Punctuation</type>
    <equivalents>Legarmeh</equivalents>
    <notes>May be treated as spacing punctuation, not as a point. Each Paseq is preceded by a Space, \u0020, for positioning.</notes>
    <group>16</group>
  </char>
  <char>
    <value>ׁ</value>
    <hexvalue>05c1</hexvalue>
    <name>Shin Dot</name>
    <mccode>Not used</mccode>
    <type>Point</type>
    <equivalents/>
    <notes/>
    <group>1</group>
  </char>
  <char>
    <value>ׂ</value>
    <hexvalue>05c2</hexvalue>
    <name>Sin Dot</name>
    <mccode>Not used</mccode>
    <type>Point</type>
    <equivalents/>
    <notes/>
    <group>2</group>
  </char>
  <char>
    <value>׃</value>
    <hexvalue>05c3</hexvalue>
    <name>Sof Pasuq</name>
    <mccode>0</mccode>
    <type>Point</type>
    <equivalents> </equivalents>
    <notes>An accent displayed in the Vowels content mode.</notes>
    <group>16</group>
  </char>
  <char>
    <value>ׄ</value>
    <hexvalue>05c4</hexvalue>
    <name>Upper Dot</name>
    <mccode>52</mccode>
    <type>Mark</type>
    <equivalents/>
    <notes/>
    <group>9</group>
  </char>
  <char>
    <value>ׅ</value>
    <hexvalue>05c5</hexvalue>
    <name>Lower Dot</name>
    <mccode>53</mccode>
    <type>Mark</type>
    <equivalents/>
    <notes/>
    <group>12</group>
  </char>
  <char>
    <value>א</value>
    <hexvalue>05d0</hexvalue>
    <name>Alef</name>
    <mccode>)</mccode>
    <type>Letter</type>
    <equivalents>Aleph</equivalents>
    <notes> </notes>
    <group>0</group>
  </char>
  <char>
    <value>ב</value>
    <hexvalue>05d1</hexvalue>
    <name>Bet</name>
    <mccode>B</mccode>
    <type>Letter</type>
    <equivalents/>
    <notes/>
    <group>0</group>
  </char>
  <char>
    <value>ג</value>
    <hexvalue>05d2</hexvalue>
    <name>Gimel</name>
    <mccode>G</mccode>
    <type>Letter</type>
    <equivalents/>
    <notes/>
    <group>0</group>
  </char>
  <char>
    <value>ד</value>
    <hexvalue>05d3</hexvalue>
    <name>Dalet</name>
    <mccode>D</mccode>
    <type>Letter</type>
    <equivalents/>
    <notes/>
    <group>0</group>
  </char>
  <char>
    <value>ה</value>
    <hexvalue>05d4</hexvalue>
    <name>He</name>
    <mccode>H</mccode>
    <type>Letter</type>
    <equivalents/>
    <notes/>
    <group>0</group>
  </char>
  <char>
    <value>ו</value>
    <hexvalue>05d5</hexvalue>
    <name>Vav</name>
    <mccode>W</mccode>
    <type>Letter</type>
    <equivalents/>
    <notes/>
    <group>0</group>
  </char>
  <char>
    <value>ז</value>
    <hexvalue>05d6</hexvalue>
    <name>Zayin</name>
    <mccode>Z</mccode>
    <type>Letter</type>
    <equivalents/>
    <notes/>
    <group>0</group>
  </char>
  <char>
    <value>ח</value>
    <hexvalue>05d7</hexvalue>
    <name>Het</name>
    <mccode>X</mccode>
    <type>Letter</type>
    <equivalents/>
    <notes/>
    <group>0</group>
  </char>
  <char>
    <value>ט</value>
    <hexvalue>05d8</hexvalue>
    <name>Tet</name>
    <mccode>+</mccode>
    <type>Letter</type>
    <equivalents/>
    <notes/>
    <group>0</group>
  </char>
  <char>
    <value>י</value>
    <hexvalue>05d9</hexvalue>
    <name>Yod</name>
    <mccode>Y</mccode>
    <type>Letter</type>
    <equivalents/>
    <notes/>
    <group>0</group>
  </char>
  <char>
    <value>ך</value>
    <hexvalue>05da</hexvalue>
    <name>Final Kaf</name>
    <mccode>K</mccode>
    <type>Letter</type>
    <equivalents/>
    <notes/>
    <group>0</group>
  </char>
  <char>
    <value>כ</value>
    <hexvalue>05db</hexvalue>
    <name>Kaf</name>
    <mccode>K</mccode>
    <type>Letter</type>
    <equivalents/>
    <notes/>
    <group>0</group>
  </char>
  <char>
    <value>ל</value>
    <hexvalue>05dc</hexvalue>
    <name>Lamed</name>
    <mccode>L</mccode>
    <type>Letter</type>
    <equivalents/>
    <notes/>
    <group>0</group>
  </char>
  <char>
    <value>ם</value>
    <hexvalue>05dd</hexvalue>
    <name>Final Mem</name>
    <mccode>M</mccode>
    <type>Letter</type>
    <equivalents/>
    <notes/>
    <group>0</group>
  </char>
  <char>
    <value>מ</value>
    <hexvalue>05de</hexvalue>
    <name>Mem</name>
    <mccode>M</mccode>
    <type>Letter</type>
    <equivalents/>
    <notes/>
    <group>0</group>
  </char>
  <char>
    <value>ן</value>
    <hexvalue>05df</hexvalue>
    <name>Final Nun</name>
    <mccode>N</mccode>
    <type>Letter</type>
    <equivalents/>
    <notes/>
    <group>0</group>
  </char>
  <char>
    <value>נ</value>
    <hexvalue>05e0</hexvalue>
    <name>Nun</name>
    <mccode>N</mccode>
    <type>Letter</type>
    <equivalents/>
    <notes/>
    <group>0</group>
  </char>
  <char>
    <value>ס</value>
    <hexvalue>05e1</hexvalue>
    <name>Samekh</name>
    <mccode>S</mccode>
    <type>Letter</type>
    <equivalents/>
    <notes/>
    <group>0</group>
  </char>
  <char>
    <value>ע</value>
    <hexvalue>05e2</hexvalue>
    <name>Ayin</name>
    <mccode>(</mccode>
    <type>Letter</type>
    <equivalents/>
    <notes/>
    <group>0</group>
  </char>
  <char>
    <value>ף</value>
    <hexvalue>05e3</hexvalue>
    <name>Final Pe</name>
    <mccode>P</mccode>
    <type>Letter</type>
    <equivalents/>
    <notes/>
    <group>0</group>
  </char>
  <char>
    <value>פ</value>
    <hexvalue>05e4</hexvalue>
    <name>Pe</name>
    <mccode>P</mccode>
    <type>Letter</type>
    <equivalents/>
    <notes/>
    <group>0</group>
  </char>
  <char>
    <value>ץ</value>
    <hexvalue>05e5</hexvalue>
    <name>Final Tsadi</name>
    <mccode>C</mccode>
    <type>Letter</type>
    <equivalents/>
    <notes/>
    <group>0</group>
  </char>
  <char>
    <value>צ</value>
    <hexvalue>05e6</hexvalue>
    <name>Tsadi</name>
    <mccode>C</mccode>
    <type>Letter</type>
    <equivalents/>
    <notes/>
    <group>0</group>
  </char>
  <char>
    <value>ק</value>
    <hexvalue>05e7</hexvalue>
    <name>Qof</name>
    <mccode>Q</mccode>
    <type>Letter</type>
    <equivalents/>
    <notes/>
    <group>0</group>
  </char>
  <char>
    <value>ר</value>
    <hexvalue>05e8</hexvalue>
    <name>Resh</name>
    <mccode>R</mccode>
    <type>Letter</type>
    <equivalents/>
    <notes/>
    <group>0</group>
  </char>
  <char>
    <value>ש</value>
    <hexvalue>05e9</hexvalue>
    <name>Shin</name>
    <mccode>&amp;, $</mccode>
    <type>Letter</type>
    <equivalents/>
    <notes/>
    <group>0</group>
  </char>
  <char>
    <value>ת</value>
    <hexvalue>05ea</hexvalue>
    <name>Tav</name>
    <mccode>T</mccode>
    <type>Letter</type>
    <equivalents/>
    <notes/>
    <group>0</group>
  </char>
  <specialchar>
    <value> </value>
    <hexvalue>0020</hexvalue>
    <name>Space</name>
    <mccode> </mccode>
    <type>Special</type>
    <equivalents> </equivalents>
    <notes>Paseq is a Space + Paseq.</notes>
    <group> </group>
  </specialchar>
  <specialchar>
    <value>/</value>
    <hexvalue>002f</hexvalue>
    <name>Slash</name>
    <mccode>/</mccode>
    <type>Special</type>
    <equivalents> </equivalents>
    <notes>Morphological divider. Appears as ' ¦ ' in odt and pdf files.</notes>
    <group> </group>
  </specialchar>
  <specialchar>
    <value>‍</value>
    <hexvalue>200d</hexvalue>
    <name>Zero width joiner (ZWJ)</name>
    <mccode> </mccode>
    <type>Special</type>
    <equivalents> </equivalents>
    <notes>Center meteg is a ZWJ + meteg.</notes>
    <group> </group>
  </specialchar>
</coding>
<book>
  <bookname>Genesis</bookname>
  <bookabbrev>Gen</bookabbrev>
  <book>
    <filename>Genesis</filename>
    <version>4.20</version>
    <date>30 Jan 2016</date>
    <transcriptiondate>03 Aug 2016</transcriptiondate>
  </book>
  <summary>
    <chapters>50</chapters>
    <verses>1533</verses>
    <gos>20785</gos>
    <ws>20596</ws>
    <qs>17</qs>
    <ks>16</ks>
    <pes>42</pes>
    <samekhs>50</samekhs>
    <reversednuns>0</reversednuns>
    <notes>64</notes>
    <textdecorations>0</textdecorations>
    <characters>179001</characters>
    <hcharacters>167434</hcharacters>
    <consonants>78143</consonants>
    <ketivconsonants>78069</ketivconsonants>
    <qereconsonants>78072</qereconsonants>
    <vowels>65488</vowels>
    <accents>23803</accents>
    <pseudoaccents>92</pseudoaccents>
    <mds>11475</mds>
  </summary>
</book>
<book>
  <bookname>Exodus</bookname>
  <bookabbrev>Ex</bookabbrev>
  <book>
    <filename>Exodus</filename>
    <version>4.20</version>
    <date>30 Jan 2016</date>
    <transcriptiondate>03 Aug 2016</transcriptiondate>
  </book>
  <summary>
    <chapters>40</chapters>
    <verses>1213</verses>
    <gos>16924</gos>
    <ws>16701</ws>
    <qs>13</qs>
    <ks>12</ks>
    <pes>70</pes>
    <samekhs>94</samekhs>
    <reversednuns>0</reversednuns>
    <notes>34</notes>
    <textdecorations>0</textdecorations>
    <characters>146423</characters>
    <hcharacters>137304</hcharacters>
    <consonants>63595</consonants>
    <ketivconsonants>63531</ketivconsonants>
    <qereconsonants>63537</qereconsonants>
    <vowels>54466</vowels>
    <accents>19243</accents>
    <pseudoaccents>79</pseudoaccents>
    <mds>9040</mds>
  </summary>
</book>
<book>
  <bookname>Leviticus</bookname>
  <bookabbrev>Lev</bookabbrev>
  <book>
    <filename>Leviticus</filename>
    <version>4.20</version>
    <date>30 Jan 2016</date>
    <transcriptiondate>03 Aug 2016</transcriptiondate>
  </book>
  <summary>
    <chapters>27</chapters>
    <verses>859</verses>
    <gos>12077</gos>
    <ws>11945</ws>
    <qs>5</qs>
    <ks>5</ks>
    <pes>55</pes>
    <samekhs>49</samekhs>
    <reversednuns>0</reversednuns>
    <notes>17</notes>
    <textdecorations>1</textdecorations>
    <characters>102778</characters>
    <hcharacters>96100</hcharacters>
    <consonants>44812</consonants>
    <ketivconsonants>44795</ketivconsonants>
    <qereconsonants>44797</qereconsonants>
    <vowels>37642</vowels>
    <accents>13646</accents>
    <pseudoaccents>55</pseudoaccents>
    <mds>6623</mds>
  </summary>
</book>
<book>
  <bookname>Numbers</bookname>
  <bookabbrev>Num</bookabbrev>
  <book>
    <filename>Numbers</filename>
    <version>4.20</version>
    <date>30 Jan 2016</date>
    <transcriptiondate>03 Aug 2016</transcriptiondate>
  </book>
  <summary>
    <chapters>36</chapters>
    <verses>1289</verses>
    <gos>16617</gos>
    <ws>16404</ws>
    <qs>9</qs>
    <ks>9</ks>
    <pes>94</pes>
    <samekhs>65</samekhs>
    <reversednuns>2</reversednuns>
    <notes>33</notes>
    <textdecorations>1</textdecorations>
    <characters>145020</characters>
    <hcharacters>136469</hcharacters>
    <consonants>63588</consonants>
    <ketivconsonants>63545</ketivconsonants>
    <qereconsonants>63547</qereconsonants>
    <vowels>53950</vowels>
    <accents>18931</accents>
    <pseudoaccents>80</pseudoaccents>
    <mds>8471</mds>
  </summary>
</book>
<book>
  <bookname>Deuteronomy</bookname>
  <bookabbrev>Deut</bookabbrev>
  <book>
    <filename>Deuteronomy</filename>
    <version>4.20</version>
    <date>30 Jan 2016</date>
    <transcriptiondate>03 Aug 2016</transcriptiondate>
  </book>
  <summary>
    <chapters>34</chapters>
    <verses>959</verses>
    <gos>14605</gos>
    <ws>14269</ws>
    <qs>26</qs>
    <ks>25</ks>
    <pes>32</pes>
    <samekhs>136</samekhs>
    <reversednuns>0</reversednuns>
    <notes>115</notes>
    <textdecorations>2</textdecorations>
    <characters>126542</characters>
    <hcharacters>117872</hcharacters>
    <consonants>55034</consonants>
    <ketivconsonants>54910</ketivconsonants>
    <qereconsonants>54926</qereconsonants>
    <vowels>46293</vowels>
    <accents>16545</accents>
    <pseudoaccents>84</pseudoaccents>
    <mds>8586</mds>
  </summary>
</book>
<book>
  <bookname>Joshua</bookname>
  <bookabbrev>Josh</bookabbrev>
  <book>
    <filename>Joshua</filename>
    <version>4.20</version>
    <date>30 Jan 2016</date>
    <transcriptiondate>03 Aug 2016</transcriptiondate>
  </book>
  <summary>
    <chapters>24</chapters>
    <verses>658</verses>
    <gos>10183</gos>
    <ws>10019</ws>
    <qs>32</qs>
    <ks>32</ks>
    <pes>52</pes>
    <samekhs>42</samekhs>
    <reversednuns>0</reversednuns>
    <notes>6</notes>
    <textdecorations>0</textdecorations>
    <characters>90688</characters>
    <hcharacters>84905</hcharacters>
    <consonants>39955</consonants>
    <ketivconsonants>39807</ketivconsonants>
    <qereconsonants>39802</qereconsonants>
    <vowels>33321</vowels>
    <accents>11629</accents>
    <pseudoaccents>70</pseudoaccents>
    <mds>5713</mds>
  </summary>
</book>
<book>
  <bookname>Judges</bookname>
  <bookabbrev>Judg</bookabbrev>
  <book>
    <filename>Judges</filename>
    <version>4.20</version>
    <date>30 Jan 2016</date>
    <transcriptiondate>03 Aug 2016</transcriptiondate>
  </book>
  <summary>
    <chapters>21</chapters>
    <verses>618</verses>
    <gos>10080</gos>
    <ws>9865</ws>
    <qs>20</qs>
    <ks>20</ks>
    <pes>65</pes>
    <samekhs>27</samekhs>
    <reversednuns>0</reversednuns>
    <notes>82</notes>
    <textdecorations>1</textdecorations>
    <characters>88868</characters>
    <hcharacters>83320</hcharacters>
    <consonants>39039</consonants>
    <ketivconsonants>38944</ketivconsonants>
    <qereconsonants>38944</qereconsonants>
    <vowels>32892</vowels>
    <accents>11389</accents>
    <pseudoaccents>56</pseudoaccents>
    <mds>5492</mds>
  </summary>
</book>
<book>
  <bookname>1 Samuel</bookname>
  <bookabbrev>1 Sam</bookabbrev>
  <book>
    <filename>Samuel_1</filename>
    <version>4.20</version>
    <date>30 Jan 2016</date>
    <transcriptiondate>03 Aug 2016</transcriptiondate>
  </book>
  <summary>
    <chapters>31</chapters>
    <verses>811</verses>
    <gos>13529</gos>
    <ws>13191</ws>
    <qs>71</qs>
    <ks>73</ks>
    <pes>60</pes>
    <samekhs>111</samekhs>
    <reversednuns>0</reversednuns>
    <notes>23</notes>
    <textdecorations>0</textdecorations>
    <characters>117739</characters>
    <hcharacters>110211</hcharacters>
    <consonants>51707</consonants>
    <ketivconsonants>51354</ketivconsonants>
    <qereconsonants>51375</qereconsonants>
    <vowels>43316</vowels>
    <accents>15188</accents>
    <pseudoaccents>95</pseudoaccents>
    <mds>7433</mds>
  </summary>
</book>
<book>
  <bookname>2 Samuel</bookname>
  <bookabbrev>2 Sam</bookabbrev>
  <book>
    <filename>Samuel_2</filename>
    <version>4.20</version>
    <date>30 Jan 2016</date>
    <transcriptiondate>03 Aug 2016</transcriptiondate>
  </book>
  <summary>
    <chapters>24</chapters>
    <verses>695</verses>
    <gos>11302</gos>
    <ws>10951</ws>
    <qs>91</qs>
    <ks>88</ks>
    <pes>46</pes>
    <samekhs>100</samekhs>
    <reversednuns>0</reversednuns>
    <notes>26</notes>
    <textdecorations>0</textdecorations>
    <characters>97150</characters>
    <hcharacters>91057</hcharacters>
    <consonants>42592</consonants>
    <ketivconsonants>42178</ketivconsonants>
    <qereconsonants>42195</qereconsonants>
    <vowels>35841</vowels>
    <accents>12624</accents>
    <pseudoaccents>61</pseudoaccents>
    <mds>6032</mds>
  </summary>
</book>
<book>
  <bookname>1 Kings</bookname>
  <bookabbrev>1 Kings</bookabbrev>
  <book>
    <filename>Kings_1</filename>
    <version>4.20</version>
    <date>30 Jan 2016</date>
    <transcriptiondate>03 Aug 2016</transcriptiondate>
  </book>
  <summary>
    <chapters>22</chapters>
    <verses>817</verses>
    <gos>13309</gos>
    <ws>13094</ws>
    <qs>46</qs>
    <ks>46</ks>
    <pes>51</pes>
    <samekhs>57</samekhs>
    <reversednuns>0</reversednuns>
    <notes>15</notes>
    <textdecorations>0</textdecorations>
    <characters>116373</characters>
    <hcharacters>109222</hcharacters>
    <consonants>50839</consonants>
    <ketivconsonants>50623</ketivconsonants>
    <qereconsonants>50625</qereconsonants>
    <vowels>43338</vowels>
    <accents>15045</accents>
    <pseudoaccents>97</pseudoaccents>
    <mds>7054</mds>
  </summary>
</book>
<book>
  <bookname>2 Kings</bookname>
  <bookabbrev>2 Kings</bookabbrev>
  <book>
    <filename>Kings_2</filename>
    <version>4.20</version>
    <date>30 Jan 2016</date>
    <transcriptiondate>03 Aug 2016</transcriptiondate>
  </book>
  <summary>
    <chapters>25</chapters>
    <verses>719</verses>
    <gos>12459</gos>
    <ws>12209</ws>
    <qs>73</qs>
    <ks>71</ks>
    <pes>59</pes>
    <samekhs>24</samekhs>
    <reversednuns>0</reversednuns>
    <notes>23</notes>
    <textdecorations>0</textdecorations>
    <characters>109290</characters>
    <hcharacters>102808</hcharacters>
    <consonants>48162</consonants>
    <ketivconsonants>47837</ketivconsonants>
    <qereconsonants>47840</qereconsonants>
    <vowels>40601</vowels>
    <accents>14045</accents>
    <pseudoaccents>83</pseudoaccents>
    <mds>6399</mds>
  </summary>
</book>
<book>
  <bookname>Isaiah</bookname>
  <bookabbrev>Isa</bookabbrev>
  <book>
    <filename>Isaiah</filename>
    <version>4.20</version>
    <date>30 Jan 2016</date>
    <transcriptiondate>03 Aug 2016</transcriptiondate>
  </book>
  <summary>
    <chapters>66</chapters>
    <verses>1291</verses>
    <gos>17230</gos>
    <ws>16876</ws>
    <qs>56</qs>
    <ks>55</ks>
    <pes>41</pes>
    <samekhs>168</samekhs>
    <reversednuns>0</reversednuns>
    <notes>33</notes>
    <textdecorations>1</textdecorations>
    <characters>150217</characters>
    <hcharacters>141758</hcharacters>
    <consonants>67120</consonants>
    <ketivconsonants>66888</ketivconsonants>
    <qereconsonants>66891</qereconsonants>
    <vowels>55003</vowels>
    <accents>19635</accents>
    <pseudoaccents>95</pseudoaccents>
    <mds>8364</mds>
  </summary>
</book>
<book>
  <bookname>Jeremiah</bookname>
  <bookabbrev>Jer</bookabbrev>
  <book>
    <filename>Jeremiah</filename>
    <version>4.20</version>
    <date>30 Jan 2016</date>
    <transcriptiondate>03 Aug 2016</transcriptiondate>
  </book>
  <summary>
    <chapters>52</chapters>
    <verses>1364</verses>
    <gos>22318</gos>
    <ws>21696</ws>
    <qs>140</qs>
    <ks>139</ks>
    <pes>58</pes>
    <samekhs>246</samekhs>
    <reversednuns>0</reversednuns>
    <notes>38</notes>
    <textdecorations>1</textdecorations>
    <characters>191281</characters>
    <hcharacters>180333</hcharacters>
    <consonants>85567</consonants>
    <ketivconsonants>84912</ketivconsonants>
    <qereconsonants>84906</qereconsonants>
    <vowels>69525</vowels>
    <accents>25241</accents>
    <pseudoaccents>162</pseudoaccents>
    <mds>10786</mds>
  </summary>
</book>
<book>
  <bookname>Ezekiel</bookname>
  <bookabbrev>Ezek</bookabbrev>
  <book>
    <filename>Ezekiel</filename>
    <version>4.20</version>
    <date>30 Jan 2016</date>
    <transcriptiondate>03 Aug 2016</transcriptiondate>
  </book>
  <summary>
    <chapters>48</chapters>
    <verses>1273</verses>
    <gos>19091</gos>
    <ws>18595</ws>
    <qs>136</qs>
    <ks>135</ks>
    <pes>71</pes>
    <samekhs>113</samekhs>
    <reversednuns>0</reversednuns>
    <notes>41</notes>
    <textdecorations>0</textdecorations>
    <characters>169860</characters>
    <hcharacters>158869</hcharacters>
    <consonants>75181</consonants>
    <ketivconsonants>74499</ketivconsonants>
    <qereconsonants>74545</qereconsonants>
    <vowels>61996</vowels>
    <accents>21692</accents>
    <pseudoaccents>141</pseudoaccents>
    <mds>10850</mds>
  </summary>
</book>
<book>
  <bookname>Hosea</bookname>
  <bookabbrev>Hos</bookabbrev>
  <book>
    <filename>Hosea</filename>
    <version>4.20</version>
    <date>30 Jan 2016</date>
    <transcriptiondate>03 Aug 2016</transcriptiondate>
  </book>
  <summary>
    <chapters>14</chapters>
    <verses>197</verses>
    <gos>2425</gos>
    <ws>2376</ws>
    <qs>5</qs>
    <ks>5</ks>
    <pes>6</pes>
    <samekhs>14</samekhs>
    <reversednuns>0</reversednuns>
    <notes>19</notes>
    <textdecorations>0</textdecorations>
    <characters>21200</characters>
    <hcharacters>19987</hcharacters>
    <consonants>9406</consonants>
    <ketivconsonants>9385</ketivconsonants>
    <qereconsonants>9383</qereconsonants>
    <vowels>7766</vowels>
    <accents>2815</accents>
    <pseudoaccents>12</pseudoaccents>
    <mds>1201</mds>
  </summary>
</book>
<book>
  <bookname>Joel</bookname>
  <bookabbrev>Joel</bookabbrev>
  <book>
    <filename>Joel</filename>
    <version>4.20</version>
    <date>30 Jan 2016</date>
    <transcriptiondate>03 Aug 2016</transcriptiondate>
  </book>
  <summary>
    <chapters>4</chapters>
    <verses>73</verses>
    <gos>966</gos>
    <ws>956</ws>
    <qs>1</qs>
    <ks>1</ks>
    <pes>2</pes>
    <samekhs>4</samekhs>
    <reversednuns>0</reversednuns>
    <notes>2</notes>
    <textdecorations>0</textdecorations>
    <characters>8583</characters>
    <hcharacters>8102</hcharacters>
    <consonants>3876</consonants>
    <ketivconsonants>3872</ketivconsonants>
    <qereconsonants>3872</qereconsonants>
    <vowels>3098</vowels>
    <accents>1128</accents>
    <pseudoaccents>0</pseudoaccents>
    <mds>481</mds>
  </summary>
</book>
<book>
  <bookname>Amos</bookname>
  <bookabbrev>Am</bookabbrev>
  <book>
    <filename>Amos</filename>
    <version>4.20</version>
    <date>30 Jan 2016</date>
    <transcriptiondate>03 Aug 2016</transcriptiondate>
  </book>
  <summary>
    <chapters>9</chapters>
    <verses>146</verses>
    <gos>2095</gos>
    <ws>2039</ws>
    <qs>3</qs>
    <ks>3</ks>
    <pes>15</pes>
    <samekhs>15</samekhs>
    <reversednuns>0</reversednuns>
    <notes>20</notes>
    <textdecorations>0</textdecorations>
    <characters>17884</characters>
    <hcharacters>16916</hcharacters>
    <consonants>8050</consonants>
    <ketivconsonants>8033</ketivconsonants>
    <qereconsonants>8035</qereconsonants>
    <vowels>6517</vowels>
    <accents>2349</accents>
    <pseudoaccents>5</pseudoaccents>
    <mds>963</mds>
  </summary>
</book>
<book>
  <bookname>Obadiah</bookname>
  <bookabbrev>Ob</bookabbrev>
  <book>
    <filename>Obadiah</filename>
    <version>4.20</version>
    <date>30 Jan 2016</date>
    <transcriptiondate>03 Aug 2016</transcriptiondate>
  </book>
  <summary>
    <chapters>1</chapters>
    <verses>21</verses>
    <gos>298</gos>
    <ws>290</ws>
    <qs>1</qs>
    <ks>1</ks>
    <pes>0</pes>
    <samekhs>0</samekhs>
    <reversednuns>0</reversednuns>
    <notes>6</notes>
    <textdecorations>0</textdecorations>
    <characters>2526</characters>
    <hcharacters>2381</hcharacters>
    <consonants>1124</consonants>
    <ketivconsonants>1119</ketivconsonants>
    <qereconsonants>1120</qereconsonants>
    <vowels>917</vowels>
    <accents>340</accents>
    <pseudoaccents>0</pseudoaccents>
    <mds>145</mds>
  </summary>
</book>
<book>
  <bookname>Jonah</bookname>
  <bookabbrev>Jon</bookabbrev>
  <book>
    <filename>Jonah</filename>
    <version>4.20</version>
    <date>30 Jan 2016</date>
    <transcriptiondate>03 Aug 2016</transcriptiondate>
  </book>
  <summary>
    <chapters>4</chapters>
    <verses>48</verses>
    <gos>695</gos>
    <ws>688</ws>
    <qs>0</qs>
    <ks>0</ks>
    <pes>1</pes>
    <samekhs>2</samekhs>
    <reversednuns>0</reversednuns>
    <notes>4</notes>
    <textdecorations>0</textdecorations>
    <characters>6113</characters>
    <hcharacters>5717</hcharacters>
    <consonants>2700</consonants>
    <ketivconsonants>2700</ketivconsonants>
    <qereconsonants>2700</qereconsonants>
    <vowels>2204</vowels>
    <accents>813</accents>
    <pseudoaccents>3</pseudoaccents>
    <mds>393</mds>
  </summary>
</book>
<book>
  <bookname>Micah</bookname>
  <bookabbrev>Mic</bookabbrev>
  <book>
    <filename>Micah</filename>
    <version>4.20</version>
    <date>30 Jan 2016</date>
    <transcriptiondate>03 Aug 2016</transcriptiondate>
  </book>
  <summary>
    <chapters>7</chapters>
    <verses>105</verses>
    <gos>1428</gos>
    <ws>1392</ws>
    <qs>4</qs>
    <ks>4</ks>
    <pes>9</pes>
    <samekhs>7</samekhs>
    <reversednuns>0</reversednuns>
    <notes>12</notes>
    <textdecorations>0</textdecorations>
    <characters>12485</characters>
    <hcharacters>11768</hcharacters>
    <consonants>5586</consonants>
    <ketivconsonants>5570</ketivconsonants>
    <qereconsonants>5567</qereconsonants>
    <vowels>4561</vowels>
    <accents>1621</accents>
    <pseudoaccents>6</pseudoaccents>
    <mds>711</mds>
  </summary>
</book>
<book>
  <bookname>Nahum</bookname>
  <bookabbrev>Nah</bookabbrev>
  <book>
    <filename>Nahum</filename>
    <version>4.20</version>
    <date>30 Jan 2016</date>
    <transcriptiondate>03 Aug 2016</transcriptiondate>
  </book>
  <summary>
    <chapters>3</chapters>
    <verses>47</verses>
    <gos>566</gos>
    <ws>554</ws>
    <qs>4</qs>
    <ks>4</ks>
    <pes>1</pes>
    <samekhs>2</samekhs>
    <reversednuns>0</reversednuns>
    <notes>1</notes>
    <textdecorations>0</textdecorations>
    <characters>5091</characters>
    <hcharacters>4815</hcharacters>
    <consonants>2272</consonants>
    <ketivconsonants>2252</ketivconsonants>
    <qereconsonants>2250</qereconsonants>
    <vowels>1882</vowels>
    <accents>661</accents>
    <pseudoaccents>2</pseudoaccents>
    <mds>274</mds>
  </summary>
</book>
<book>
  <bookname>Habakkuk</bookname>
  <bookabbrev>Hab</bookabbrev>
  <book>
    <filename>Habakkuk</filename>
    <version>4.20</version>
    <date>30 Jan 2016</date>
    <transcriptiondate>03 Aug 2016</transcriptiondate>
  </book>
  <summary>
    <chapters>3</chapters>
    <verses>56</verses>
    <gos>692</gos>
    <ws>670</ws>
    <qs>1</qs>
    <ks>1</ks>
    <pes>4</pes>
    <samekhs>5</samekhs>
    <reversednuns>0</reversednuns>
    <notes>11</notes>
    <textdecorations>0</textdecorations>
    <characters>5817</characters>
    <hcharacters>5485</hcharacters>
    <consonants>2603</consonants>
    <ketivconsonants>2598</ketivconsonants>
    <qereconsonants>2599</qereconsonants>
    <vowels>2110</vowels>
    <accents>772</accents>
    <pseudoaccents>2</pseudoaccents>
    <mds>330</mds>
  </summary>
</book>
<book>
  <bookname>Zephaniah</bookname>
  <bookabbrev>Zeph</bookabbrev>
  <book>
    <filename>Zephaniah</filename>
    <version>4.20</version>
    <date>30 Jan 2016</date>
    <transcriptiondate>03 Aug 2016</transcriptiondate>
  </book>
  <summary>
    <chapters>3</chapters>
    <verses>53</verses>
    <gos>780</gos>
    <ws>765</ws>
    <qs>2</qs>
    <ks>2</ks>
    <pes>0</pes>
    <samekhs>5</samekhs>
    <reversednuns>0</reversednuns>
    <notes>6</notes>
    <textdecorations>0</textdecorations>
    <characters>6697</characters>
    <hcharacters>6335</hcharacters>
    <consonants>3005</consonants>
    <ketivconsonants>2996</ketivconsonants>
    <qereconsonants>2997</qereconsonants>
    <vowels>2436</vowels>
    <accents>894</accents>
    <pseudoaccents>5</pseudoaccents>
    <mds>357</mds>
  </summary>
</book>
<book>
  <bookname>Haggai</bookname>
  <bookabbrev>Hag</bookabbrev>
  <book>
    <filename>Haggai</filename>
    <version>4.20</version>
    <date>30 Jan 2016</date>
    <transcriptiondate>03 Aug 2016</transcriptiondate>
  </book>
  <summary>
    <chapters>2</chapters>
    <verses>38</verses>
    <gos>611</gos>
    <ws>599</ws>
    <qs>1</qs>
    <ks>1</ks>
    <pes>4</pes>
    <samekhs>3</samekhs>
    <reversednuns>0</reversednuns>
    <notes>3</notes>
    <textdecorations>0</textdecorations>
    <characters>5223</characters>
    <hcharacters>4906</hcharacters>
    <consonants>2342</consonants>
    <ketivconsonants>2336</ketivconsonants>
    <qereconsonants>2337</qereconsonants>
    <vowels>1889</vowels>
    <accents>675</accents>
    <pseudoaccents>5</pseudoaccents>
    <mds>312</mds>
  </summary>
</book>
<book>
  <bookname>Zechariah</bookname>
  <bookabbrev>Zech</bookabbrev>
  <book>
    <filename>Zechariah</filename>
    <version>4.20</version>
    <date>30 Jan 2016</date>
    <transcriptiondate>03 Aug 2016</transcriptiondate>
  </book>
  <summary>
    <chapters>14</chapters>
    <verses>211</verses>
    <gos>3190</gos>
    <ws>3122</ws>
    <qs>6</qs>
    <ks>6</ks>
    <pes>10</pes>
    <samekhs>27</samekhs>
    <reversednuns>0</reversednuns>
    <notes>19</notes>
    <textdecorations>0</textdecorations>
    <characters>27743</characters>
    <hcharacters>26059</hcharacters>
    <consonants>12464</consonants>
    <ketivconsonants>12432</ketivconsonants>
    <qereconsonants>12429</qereconsonants>
    <vowels>9960</vowels>
    <accents>3635</accents>
    <pseudoaccents>18</pseudoaccents>
    <mds>1666</mds>
  </summary>
</book>
<book>
  <bookname>Malachi</bookname>
  <bookabbrev>Mal</bookabbrev>
  <book>
    <filename>Malachi</filename>
    <version>4.20</version>
    <date>30 Jan 2016</date>
    <transcriptiondate>03 Aug 2016</transcriptiondate>
  </book>
  <summary>
    <chapters>3</chapters>
    <verses>55</verses>
    <gos>887</gos>
    <ws>876</ws>
    <qs>0</qs>
    <ks>0</ks>
    <pes>3</pes>
    <samekhs>4</samekhs>
    <reversednuns>0</reversednuns>
    <notes>4</notes>
    <textdecorations>0</textdecorations>
    <characters>7649</characters>
    <hcharacters>7214</hcharacters>
    <consonants>3450</consonants>
    <ketivconsonants>3450</ketivconsonants>
    <qereconsonants>3450</qereconsonants>
    <vowels>2759</vowels>
    <accents>1005</accents>
    <pseudoaccents>7</pseudoaccents>
    <mds>428</mds>
  </summary>
</book>
<book>
  <bookname>Psalms</bookname>
  <bookabbrev>Ps</bookabbrev>
  <book>
    <filename>Psalms</filename>
    <version>4.20</version>
    <date>30 Jan 2016</date>
    <transcriptiondate>03 Aug 2016</transcriptiondate>
  </book>
  <summary>
    <chapters>150</chapters>
    <verses>2527</verses>
    <gos>19731</gos>
    <ws>19518</ws>
    <qs>70</qs>
    <ks>68</ks>
    <pes>0</pes>
    <samekhs>0</samekhs>
    <reversednuns>7</reversednuns>
    <notes>67</notes>
    <textdecorations>1</textdecorations>
    <characters>181428</characters>
    <hcharacters>170514</hcharacters>
    <consonants>79156</consonants>
    <ketivconsonants>78833</ketivconsonants>
    <qereconsonants>78832</qereconsonants>
    <vowels>65053</vowels>
    <accents>26305</accents>
    <pseudoaccents>559</pseudoaccents>
    <mds>10355</mds>
  </summary>
</book>
<book>
  <bookname>Proverbs</bookname>
  <bookabbrev>Prov</bookabbrev>
  <book>
    <filename>Proverbs</filename>
    <version>4.20</version>
    <date>30 Jan 2016</date>
    <transcriptiondate>03 Aug 2016</transcriptiondate>
  </book>
  <summary>
    <chapters>31</chapters>
    <verses>915</verses>
    <gos>7115</gos>
    <ws>6846</ws>
    <qs>69</qs>
    <ks>69</ks>
    <pes>51</pes>
    <samekhs>1</samekhs>
    <reversednuns>0</reversednuns>
    <notes>78</notes>
    <textdecorations>1</textdecorations>
    <characters>60362</characters>
    <hcharacters>57476</hcharacters>
    <consonants>26819</consonants>
    <ketivconsonants>26507</ketivconsonants>
    <qereconsonants>26504</qereconsonants>
    <vowels>21687</vowels>
    <accents>8970</accents>
    <pseudoaccents>66</pseudoaccents>
    <mds>2820</mds>
  </summary>
</book>
<book>
  <bookname>Job</bookname>
  <bookabbrev>Job</bookabbrev>
  <book>
    <filename>Job</filename>
    <version>4.20</version>
    <date>30 Jan 2016</date>
    <transcriptiondate>03 Aug 2016</transcriptiondate>
  </book>
  <summary>
    <chapters>42</chapters>
    <verses>1070</verses>
    <gos>8502</gos>
    <ws>8287</ws>
    <qs>56</qs>
    <ks>56</ks>
    <pes>26</pes>
    <samekhs>13</samekhs>
    <reversednuns>0</reversednuns>
    <notes>62</notes>
    <textdecorations>2</textdecorations>
    <characters>73714</characters>
    <hcharacters>69422</hcharacters>
    <consonants>32124</consonants>
    <ketivconsonants>31862</ketivconsonants>
    <qereconsonants>31892</qereconsonants>
    <vowels>26478</vowels>
    <accents>10820</accents>
    <pseudoaccents>107</pseudoaccents>
    <mds>4185</mds>
  </summary>
</book>
<book>
  <bookname>Song of Songs</bookname>
  <bookabbrev>Song</bookabbrev>
  <book>
    <filename>Song_of_Songs</filename>
    <version>4.20</version>
    <date>30 Jan 2016</date>
    <transcriptiondate>03 Aug 2016</transcriptiondate>
  </book>
  <summary>
    <chapters>8</chapters>
    <verses>117</verses>
    <gos>1303</gos>
    <ws>1246</ws>
    <qs>4</qs>
    <ks>4</ks>
    <pes>1</pes>
    <samekhs>19</samekhs>
    <reversednuns>0</reversednuns>
    <notes>29</notes>
    <textdecorations>0</textdecorations>
    <characters>11797</characters>
    <hcharacters>11062</hcharacters>
    <consonants>5168</consonants>
    <ketivconsonants>5151</ketivconsonants>
    <qereconsonants>5151</qereconsonants>
    <vowels>4391</vowels>
    <accents>1503</accents>
    <pseudoaccents>12</pseudoaccents>
    <mds>723</mds>
  </summary>
</book>
<book>
  <bookname>Ruth</bookname>
  <bookabbrev>Ruth</bookabbrev>
  <book>
    <filename>Ruth</filename>
    <version>4.20</version>
    <date>30 Jan 2016</date>
    <transcriptiondate>03 Aug 2016</transcriptiondate>
  </book>
  <summary>
    <chapters>4</chapters>
    <verses>85</verses>
    <gos>1331</gos>
    <ws>1283</ws>
    <qs>12</qs>
    <ks>11</ks>
    <pes>1</pes>
    <samekhs>0</samekhs>
    <reversednuns>0</reversednuns>
    <notes>24</notes>
    <textdecorations>0</textdecorations>
    <characters>11486</characters>
    <hcharacters>10740</hcharacters>
    <consonants>5002</consonants>
    <ketivconsonants>4947</ketivconsonants>
    <qereconsonants>4950</qereconsonants>
    <vowels>4256</vowels>
    <accents>1482</accents>
    <pseudoaccents>8</pseudoaccents>
    <mds>738</mds>
  </summary>
</book>
<book>
  <bookname>Lamentations</bookname>
  <bookabbrev>Lam</bookabbrev>
  <book>
    <filename>Lamentations</filename>
    <version>4.20</version>
    <date>30 Jan 2016</date>
    <transcriptiondate>03 Aug 2016</transcriptiondate>
  </book>
  <summary>
    <chapters>5</chapters>
    <verses>154</verses>
    <gos>1678</gos>
    <ws>1518</ws>
    <qs>22</qs>
    <ks>24</ks>
    <pes>5</pes>
    <samekhs>84</samekhs>
    <reversednuns>0</reversednuns>
    <notes>25</notes>
    <textdecorations>0</textdecorations>
    <characters>13607</characters>
    <hcharacters>12874</hcharacters>
    <consonants>6084</consonants>
    <ketivconsonants>5980</ketivconsonants>
    <qereconsonants>5987</qereconsonants>
    <vowels>4951</vowels>
    <accents>1839</accents>
    <pseudoaccents>11</pseudoaccents>
    <mds>722</mds>
  </summary>
</book>
<book>
  <bookname>Ecclesiastes</bookname>
  <bookabbrev>Eccl</bookabbrev>
  <book>
    <filename>Ecclesiastes</filename>
    <version>4.20</version>
    <date>30 Jan 2016</date>
    <transcriptiondate>03 Aug 2016</transcriptiondate>
  </book>
  <summary>
    <chapters>12</chapters>
    <verses>222</verses>
    <gos>3024</gos>
    <ws>2975</ws>
    <qs>12</qs>
    <ks>12</ks>
    <pes>1</pes>
    <samekhs>3</samekhs>
    <reversednuns>0</reversednuns>
    <notes>21</notes>
    <textdecorations>0</textdecorations>
    <characters>25012</characters>
    <hcharacters>23527</hcharacters>
    <consonants>11018</consonants>
    <ketivconsonants>10969</ketivconsonants>
    <qereconsonants>10965</qereconsonants>
    <vowels>9047</vowels>
    <accents>3462</accents>
    <pseudoaccents>11</pseudoaccents>
    <mds>1474</mds>
  </summary>
</book>
<book>
  <bookname>Esther</bookname>
  <bookabbrev>Esth</bookabbrev>
  <book>
    <filename>Esther</filename>
    <version>4.20</version>
    <date>30 Jan 2016</date>
    <transcriptiondate>03 Aug 2016</transcriptiondate>
  </book>
  <summary>
    <chapters>10</chapters>
    <verses>167</verses>
    <gos>3094</gos>
    <ws>3033</ws>
    <qs>12</qs>
    <ks>12</ks>
    <pes>11</pes>
    <samekhs>12</samekhs>
    <reversednuns>0</reversednuns>
    <notes>14</notes>
    <textdecorations>0</textdecorations>
    <characters>28134</characters>
    <hcharacters>26285</hcharacters>
    <consonants>12189</consonants>
    <ketivconsonants>12112</ketivconsonants>
    <qereconsonants>12108</qereconsonants>
    <vowels>10630</vowels>
    <accents>3466</accents>
    <pseudoaccents>36</pseudoaccents>
    <mds>1813</mds>
  </summary>
</book>
<book>
  <bookname>Daniel</bookname>
  <bookabbrev>Dan</bookabbrev>
  <book>
    <filename>Daniel</filename>
    <version>4.20</version>
    <date>30 Jan 2016</date>
    <transcriptiondate>03 Aug 2016</transcriptiondate>
  </book>
  <summary>
    <chapters>12</chapters>
    <verses>357</verses>
    <gos>6098</gos>
    <ws>5804</ws>
    <qs>115</qs>
    <ks>115</ks>
    <pes>22</pes>
    <samekhs>8</samekhs>
    <reversednuns>0</reversednuns>
    <notes>34</notes>
    <textdecorations>0</textdecorations>
    <characters>55928</characters>
    <hcharacters>52168</hcharacters>
    <consonants>24816</consonants>
    <ketivconsonants>24291</ketivconsonants>
    <qereconsonants>24244</qereconsonants>
    <vowels>20446</vowels>
    <accents>6906</accents>
    <pseudoaccents>45</pseudoaccents>
    <mds>3715</mds>
  </summary>
</book>
<book>
  <bookname>Ezra</bookname>
  <bookabbrev>Ezra</bookabbrev>
  <book>
    <filename>Ezra</filename>
    <version>4.20</version>
    <date>30 Jan 2016</date>
    <transcriptiondate>03 Aug 2016</transcriptiondate>
  </book>
  <summary>
    <chapters>10</chapters>
    <verses>280</verses>
    <gos>3952</gos>
    <ws>3716</ws>
    <qs>37</qs>
    <ks>37</ks>
    <pes>33</pes>
    <samekhs>102</samekhs>
    <reversednuns>0</reversednuns>
    <notes>27</notes>
    <textdecorations>0</textdecorations>
    <characters>35817</characters>
    <hcharacters>33714</hcharacters>
    <consonants>15952</consonants>
    <ketivconsonants>15764</ketivconsonants>
    <qereconsonants>15756</qereconsonants>
    <vowels>13370</vowels>
    <accents>4392</accents>
    <pseudoaccents>24</pseudoaccents>
    <mds>2079</mds>
  </summary>
</book>
<book>
  <bookname>Nehemiah</bookname>
  <bookabbrev>Neh</bookabbrev>
  <book>
    <filename>Nehemiah</filename>
    <version>4.20</version>
    <date>30 Jan 2016</date>
    <transcriptiondate>03 Aug 2016</transcriptiondate>
  </book>
  <summary>
    <chapters>13</chapters>
    <verses>405</verses>
    <gos>5481</gos>
    <ws>5289</ws>
    <qs>24</qs>
    <ks>23</ks>
    <pes>33</pes>
    <samekhs>87</samekhs>
    <reversednuns>0</reversednuns>
    <notes>25</notes>
    <textdecorations>0</textdecorations>
    <characters>50702</characters>
    <hcharacters>47543</hcharacters>
    <consonants>22633</consonants>
    <ketivconsonants>22513</ketivconsonants>
    <qereconsonants>22512</qereconsonants>
    <vowels>18677</vowels>
    <accents>6233</accents>
    <pseudoaccents>27</pseudoaccents>
    <mds>3132</mds>
  </summary>
</book>
<book>
  <bookname>1 Chronicles</bookname>
  <bookabbrev>1 Chr</bookabbrev>
  <book>
    <filename>Chronicles_1</filename>
    <version>4.20</version>
    <date>30 Jan 2016</date>
    <transcriptiondate>03 Aug 2016</transcriptiondate>
  </book>
  <summary>
    <chapters>29</chapters>
    <verses>943</verses>
    <gos>11054</gos>
    <ws>10704</ws>
    <qs>43</qs>
    <ks>41</ks>
    <pes>72</pes>
    <samekhs>188</samekhs>
    <reversednuns>0</reversednuns>
    <notes>6</notes>
    <textdecorations>0</textdecorations>
    <characters>99485</characters>
    <hcharacters>93649</hcharacters>
    <consonants>44769</consonants>
    <ketivconsonants>44558</ketivconsonants>
    <qereconsonants>44556</qereconsonants>
    <vowels>36412</vowels>
    <accents>12468</accents>
    <pseudoaccents>57</pseudoaccents>
    <mds>5779</mds>
  </summary>
</book>
<book>
  <bookname>2 Chronicles</bookname>
  <bookabbrev>2 Chr</bookabbrev>
  <book>
    <filename>Chronicles_2</filename>
    <version>4.20</version>
    <date>30 Jan 2016</date>
    <transcriptiondate>03 Aug 2016</transcriptiondate>
  </book>
  <summary>
    <chapters>36</chapters>
    <verses>822</verses>
    <gos>13537</gos>
    <ws>13273</ws>
    <qs>38</qs>
    <ks>39</ks>
    <pes>74</pes>
    <samekhs>94</samekhs>
    <reversednuns>0</reversednuns>
    <notes>19</notes>
    <textdecorations>0</textdecorations>
    <characters>124144</characters>
    <hcharacters>116267</hcharacters>
    <consonants>55126</consonants>
    <ketivconsonants>54920</ketivconsonants>
    <qereconsonants>54904</qereconsonants>
    <vowels>45745</vowels>
    <accents>15396</accents>
    <pseudoaccents>88</pseudoaccents>
    <mds>7789</mds>
  </summary>
</book>
<summary>
  <books>39</books>
  <chapters>929</chapters>
  <verses>23213</verses>
  <gos>311042</gos>
  <ws>304230</ws>
  <qs>1277</qs>
  <ks>1265</ks>
  <pes>1181</pes>
  <samekhs>1981</samekhs>
  <reversednuns>9</reversednuns>
  <notes>1088</notes>
  <textdecorations>11</textdecorations>
  <characters>2729857</characters>
  <hcharacters>2562588</hcharacters>
  <consonants>1203068</consonants>
  <ketivconsonants>1197042</ketivconsonants>
  <qereconsonants>1197102</qereconsonants>
  <vowels>1000914</vowels>
  <accents>358606</accents>
  <pseudoaccents>2366</pseudoaccents>
  <mds>164903</mds>
  <ketivcharcount>81</ketivcharcount>
  <ketivcharacters>
    <char>
      <char> </char>
      <count>2268</count>
    </char>
    <char>
      <char>/</char>
      <count>163946</count>
    </char>
    <char>
      <char>֑</char>
      <count>21482</count>
    </char>
    <char>
      <char>֒</char>
      <count>953</count>
    </char>
    <char>
      <char>֓</char>
      <count>46</count>
    </char>
    <char>
      <char>֔</char>
      <count>25463</count>
    </char>
    <char>
      <char>֕</char>
      <count>1649</count>
    </char>
    <char>
      <char>֖</char>
      <count>36953</count>
    </char>
    <char>
      <char>֗</char>
      <count>12737</count>
    </char>
    <char>
      <char>֘</char>
      <count>212</count>
    </char>
    <char>
      <char>֙</char>
      <count>24292</count>
    </char>
    <char>
      <char>֚</char>
      <count>1174</count>
    </char>
    <char>
      <char>֛</char>
      <count>7825</count>
    </char>
    <char>
      <char>֜</char>
      <count>4154</count>
    </char>
    <char>
      <char>֝</char>
      <count>2945</count>
    </char>
    <char>
      <char>֞</char>
      <count>1720</count>
    </char>
    <char>
      <char>֟</char>
      <count>16</count>
    </char>
    <char>
      <char>֠</char>
      <count>1198</count>
    </char>
    <char>
      <char>֡</char>
      <count>947</count>
    </char>
    <char>
      <char>֣</char>
      <count>41183</count>
    </char>
    <char>
      <char>֤</char>
      <count>12546</count>
    </char>
    <char>
      <char>֥</char>
      <count>33066</count>
    </char>
    <char>
      <char>֦</char>
      <count>14</count>
    </char>
    <char>
      <char>֧</char>
      <count>3261</count>
    </char>
    <char>
      <char>֨</char>
      <count>7499</count>
    </char>
    <char>
      <char>֩</char>
      <count>1866</count>
    </char>
    <char>
      <char>֪</char>
      <count>250</count>
    </char>
    <char>
      <char>֫</char>
      <count>407</count>
    </char>
    <char>
      <char>֬</char>
      <count>183</count>
    </char>
    <char>
      <char>֭</char>
      <count>2676</count>
    </char>
    <char>
      <char>֮</char>
      <count>1224</count>
    </char>
    <char>
      <char>ְ</char>
      <count>149553</count>
    </char>
    <char>
      <char>ֱ</char>
      <count>4462</count>
    </char>
    <char>
      <char>ֲ</char>
      <count>25455</count>
    </char>
    <char>
      <char>ֳ</char>
      <count>621</count>
    </char>
    <char>
      <char>ִ</char>
      <count>108421</count>
    </char>
    <char>
      <char>ֵ</char>
      <count>58800</count>
    </char>
    <char>
      <char>ֶ</char>
      <count>75102</count>
    </char>
    <char>
      <char>ַ</char>
      <count>116694</count>
    </char>
    <char>
      <char>ָ</char>
      <count>151168</count>
    </char>
    <char>
      <char>ֹ</char>
      <count>73123</count>
    </char>
    <char>
      <char>ֺ</char>
      <count>412</count>
    </char>
    <char>
      <char>ֻ</char>
      <count>4343</count>
    </char>
    <char>
      <char>ּ</char>
      <count>169898</count>
    </char>
    <char>
      <char>ֽ</char>
      <count>41094</count>
    </char>
    <char>
      <char>־</char>
      <count>42571</count>
    </char>
    <char>
      <char>ֿ</char>
      <count>12</count>
    </char>
    <char>
      <char>׀</char>
      <count>2268</count>
    </char>
    <char>
      <char>ׁ</char>
      <count>45853</count>
    </char>
    <char>
      <char>ׂ</char>
      <count>12042</count>
    </char>
    <char>
      <char>׃</char>
      <count>23080</count>
    </char>
    <char>
      <char>ׄ</char>
      <count>53</count>
    </char>
    <char>
      <char>ׅ</char>
      <count>3</count>
    </char>
    <char>
      <char>א</char>
      <count>95685</count>
    </char>
    <char>
      <char>ב</char>
      <count>65216</count>
    </char>
    <char>
      <char>ג</char>
      <count>10080</count>
    </char>
    <char>
      <char>ד</char>
      <count>32371</count>
    </char>
    <char>
      <char>ה</char>
      <count>101962</count>
    </char>
    <char>
      <char>ו</char>
      <count>129605</count>
    </char>
    <char>
      <char>ז</char>
      <count>9099</count>
    </char>
    <char>
      <char>ח</char>
      <count>27598</count>
    </char>
    <char>
      <char>ט</char>
      <count>6310</count>
    </char>
    <char>
      <char>י</char>
      <count>137871</count>
    </char>
    <char>
      <char>ך</char>
      <count>14002</count>
    </char>
    <char>
      <char>כ</char>
      <count>33466</count>
    </char>
    <char>
      <char>ל</char>
      <count>88302</count>
    </char>
    <char>
      <char>ם</char>
      <count>41291</count>
    </char>
    <char>
      <char>מ</char>
      <count>57638</count>
    </char>
    <char>
      <char>ן</char>
      <count>15241</count>
    </char>
    <char>
      <char>נ</char>
      <count>39852</count>
    </char>
    <char>
      <char>ס</char>
      <count>7635</count>
    </char>
    <char>
      <char>ע</char>
      <count>44811</count>
    </char>
    <char>
      <char>ף</char>
      <count>2554</count>
    </char>
    <char>
      <char>פ</char>
      <count>15730</count>
    </char>
    <char>
      <char>ץ</char>
      <count>3288</count>
    </char>
    <char>
      <char>צ</char>
      <count>11689</count>
    </char>
    <char>
      <char>ק</char>
      <count>16278</count>
    </char>
    <char>
      <char>ר</char>
      <count>68064</count>
    </char>
    <char>
      <char>ש</char>
      <count>58198</count>
    </char>
    <char>
      <char>ת</char>
      <count>63206</count>
    </char>
    <char>
      <char>‍</char>
      <count>78</count>
    </char>
  </ketivcharacters>
  <qerecharcount>81</qerecharcount>
  <qerecharacters>
    <char>
      <char> </char>
      <count>2287</count>
    </char>
    <char>
      <char>/</char>
      <count>163972</count>
    </char>
    <char>
      <char>֑</char>
      <count>21572</count>
    </char>
    <char>
      <char>֒</char>
      <count>956</count>
    </char>
    <char>
      <char>֓</char>
      <count>46</count>
    </char>
    <char>
      <char>֔</char>
      <count>25569</count>
    </char>
    <char>
      <char>֕</char>
      <count>1657</count>
    </char>
    <char>
      <char>֖</char>
      <count>37129</count>
    </char>
    <char>
      <char>֗</char>
      <count>12806</count>
    </char>
    <char>
      <char>֘</char>
      <count>212</count>
    </char>
    <char>
      <char>֙</char>
      <count>24455</count>
    </char>
    <char>
      <char>֚</char>
      <count>1175</count>
    </char>
    <char>
      <char>֛</char>
      <count>7860</count>
    </char>
    <char>
      <char>֜</char>
      <count>4172</count>
    </char>
    <char>
      <char>֝</char>
      <count>2965</count>
    </char>
    <char>
      <char>֞</char>
      <count>1731</count>
    </char>
    <char>
      <char>֟</char>
      <count>16</count>
    </char>
    <char>
      <char>֠</char>
      <count>1200</count>
    </char>
    <char>
      <char>֡</char>
      <count>955</count>
    </char>
    <char>
      <char>֣</char>
      <count>41364</count>
    </char>
    <char>
      <char>֤</char>
      <count>12613</count>
    </char>
    <char>
      <char>֥</char>
      <count>33198</count>
    </char>
    <char>
      <char>֦</char>
      <count>14</count>
    </char>
    <char>
      <char>֧</char>
      <count>3272</count>
    </char>
    <char>
      <char>֨</char>
      <count>7541</count>
    </char>
    <char>
      <char>֩</char>
      <count>1869</count>
    </char>
    <char>
      <char>֪</char>
      <count>252</count>
    </char>
    <char>
      <char>֫</char>
      <count>407</count>
    </char>
    <char>
      <char>֬</char>
      <count>185</count>
    </char>
    <char>
      <char>֭</char>
      <count>2690</count>
    </char>
    <char>
      <char>֮</char>
      <count>1227</count>
    </char>
    <char>
      <char>ְ</char>
      <count>150457</count>
    </char>
    <char>
      <char>ֱ</char>
      <count>4471</count>
    </char>
    <char>
      <char>ֲ</char>
      <count>25603</count>
    </char>
    <char>
      <char>ֳ</char>
      <count>633</count>
    </char>
    <char>
      <char>ִ</char>
      <count>108995</count>
    </char>
    <char>
      <char>ֵ</char>
      <count>59039</count>
    </char>
    <char>
      <char>ֶ</char>
      <count>75226</count>
    </char>
    <char>
      <char>ַ</char>
      <count>117271</count>
    </char>
    <char>
      <char>ָ</char>
      <count>152023</count>
    </char>
    <char>
      <char>ֹ</char>
      <count>73438</count>
    </char>
    <char>
      <char>ֺ</char>
      <count>416</count>
    </char>
    <char>
      <char>ֻ</char>
      <count>4359</count>
    </char>
    <char>
      <char>ּ</char>
      <count>170834</count>
    </char>
    <char>
      <char>ֽ</char>
      <count>41327</count>
    </char>
    <char>
      <char>־</char>
      <count>42572</count>
    </char>
    <char>
      <char>ֿ</char>
      <count>12</count>
    </char>
    <char>
      <char>׀</char>
      <count>2287</count>
    </char>
    <char>
      <char>ׁ</char>
      <count>46064</count>
    </char>
    <char>
      <char>ׂ</char>
      <count>12085</count>
    </char>
    <char>
      <char>׃</char>
      <count>23186</count>
    </char>
    <char>
      <char>ׄ</char>
      <count>53</count>
    </char>
    <char>
      <char>ׅ</char>
      <count>3</count>
    </char>
    <char>
      <char>א</char>
      <count>95668</count>
    </char>
    <char>
      <char>ב</char>
      <count>65209</count>
    </char>
    <char>
      <char>ג</char>
      <count>10077</count>
    </char>
    <char>
      <char>ד</char>
      <count>32375</count>
    </char>
    <char>
      <char>ה</char>
      <count>101973</count>
    </char>
    <char>
      <char>ו</char>
      <count>129615</count>
    </char>
    <char>
      <char>ז</char>
      <count>9100</count>
    </char>
    <char>
      <char>ח</char>
      <count>27598</count>
    </char>
    <char>
      <char>ט</char>
      <count>6317</count>
    </char>
    <char>
      <char>י</char>
      <count>137923</count>
    </char>
    <char>
      <char>ך</char>
      <count>14002</count>
    </char>
    <char>
      <char>כ</char>
      <count>33479</count>
    </char>
    <char>
      <char>ל</char>
      <count>88295</count>
    </char>
    <char>
      <char>ם</char>
      <count>41291</count>
    </char>
    <char>
      <char>מ</char>
      <count>57649</count>
    </char>
    <char>
      <char>ן</char>
      <count>15240</count>
    </char>
    <char>
      <char>נ</char>
      <count>39851</count>
    </char>
    <char>
      <char>ס</char>
      <count>7635</count>
    </char>
    <char>
      <char>ע</char>
      <count>44803</count>
    </char>
    <char>
      <char>ף</char>
      <count>2555</count>
    </char>
    <char>
      <char>פ</char>
      <count>15723</count>
    </char>
    <char>
      <char>ץ</char>
      <count>3288</count>
    </char>
    <char>
      <char>צ</char>
      <count>11689</count>
    </char>
    <char>
      <char>ק</char>
      <count>16278</count>
    </char>
    <char>
      <char>ר</char>
      <count>68061</count>
    </char>
    <char>
      <char>ש</char>
      <count>58195</count>
    </char>
    <char>
      <char>ת</char>
      <count>63213</count>
    </char>
    <char>
      <char>‍</char>
      <count>79</count>
    </char>
  </qerecharacters>
  <charcount>81</charcount>
  <characters>
    <char>
      <char> </char>
      <count>2287</count>
    </char>
    <char>
      <char>/</char>
      <count>164903</count>
    </char>
    <char>
      <char>֑</char>
      <count>21572</count>
    </char>
    <char>
      <char>֒</char>
      <count>956</count>
    </char>
    <char>
      <char>֓</char>
      <count>46</count>
    </char>
    <char>
      <char>֔</char>
      <count>25569</count>
    </char>
    <char>
      <char>֕</char>
      <count>1657</count>
    </char>
    <char>
      <char>֖</char>
      <count>37129</count>
    </char>
    <char>
      <char>֗</char>
      <count>12806</count>
    </char>
    <char>
      <char>֘</char>
      <count>212</count>
    </char>
    <char>
      <char>֙</char>
      <count>24455</count>
    </char>
    <char>
      <char>֚</char>
      <count>1175</count>
    </char>
    <char>
      <char>֛</char>
      <count>7860</count>
    </char>
    <char>
      <char>֜</char>
      <count>4172</count>
    </char>
    <char>
      <char>֝</char>
      <count>2965</count>
    </char>
    <char>
      <char>֞</char>
      <count>1731</count>
    </char>
    <char>
      <char>֟</char>
      <count>16</count>
    </char>
    <char>
      <char>֠</char>
      <count>1200</count>
    </char>
    <char>
      <char>֡</char>
      <count>955</count>
    </char>
    <char>
      <char>֣</char>
      <count>41364</count>
    </char>
    <char>
      <char>֤</char>
      <count>12613</count>
    </char>
    <char>
      <char>֥</char>
      <count>33198</count>
    </char>
    <char>
      <char>֦</char>
      <count>14</count>
    </char>
    <char>
      <char>֧</char>
      <count>3272</count>
    </char>
    <char>
      <char>֨</char>
      <count>7541</count>
    </char>
    <char>
      <char>֩</char>
      <count>1869</count>
    </char>
    <char>
      <char>֪</char>
      <count>252</count>
    </char>
    <char>
      <char>֫</char>
      <count>407</count>
    </char>
    <char>
      <char>֬</char>
      <count>185</count>
    </char>
    <char>
      <char>֭</char>
      <count>2690</count>
    </char>
    <char>
      <char>֮</char>
      <count>1227</count>
    </char>
    <char>
      <char>ְ</char>
      <count>150457</count>
    </char>
    <char>
      <char>ֱ</char>
      <count>4471</count>
    </char>
    <char>
      <char>ֲ</char>
      <count>25603</count>
    </char>
    <char>
      <char>ֳ</char>
      <count>633</count>
    </char>
    <char>
      <char>ִ</char>
      <count>108995</count>
    </char>
    <char>
      <char>ֵ</char>
      <count>59039</count>
    </char>
    <char>
      <char>ֶ</char>
      <count>75226</count>
    </char>
    <char>
      <char>ַ</char>
      <count>117271</count>
    </char>
    <char>
      <char>ָ</char>
      <count>152023</count>
    </char>
    <char>
      <char>ֹ</char>
      <count>73438</count>
    </char>
    <char>
      <char>ֺ</char>
      <count>416</count>
    </char>
    <char>
      <char>ֻ</char>
      <count>4359</count>
    </char>
    <char>
      <char>ּ</char>
      <count>170834</count>
    </char>
    <char>
      <char>ֽ</char>
      <count>41327</count>
    </char>
    <char>
      <char>־</char>
      <count>42630</count>
    </char>
    <char>
      <char>ֿ</char>
      <count>12</count>
    </char>
    <char>
      <char>׀</char>
      <count>2287</count>
    </char>
    <char>
      <char>ׁ</char>
      <count>46064</count>
    </char>
    <char>
      <char>ׂ</char>
      <count>12085</count>
    </char>
    <char>
      <char>׃</char>
      <count>23186</count>
    </char>
    <char>
      <char>ׄ</char>
      <count>53</count>
    </char>
    <char>
      <char>ׅ</char>
      <count>3</count>
    </char>
    <char>
      <char>א</char>
      <count>96044</count>
    </char>
    <char>
      <char>ב</char>
      <count>65523</count>
    </char>
    <char>
      <char>ג</char>
      <count>10137</count>
    </char>
    <char>
      <char>ד</char>
      <count>32544</count>
    </char>
    <char>
      <char>ה</char>
      <count>102345</count>
    </char>
    <char>
      <char>ו</char>
      <count>130517</count>
    </char>
    <char>
      <char>ז</char>
      <count>9135</count>
    </char>
    <char>
      <char>ח</char>
      <count>27743</count>
    </char>
    <char>
      <char>ט</char>
      <count>6352</count>
    </char>
    <char>
      <char>י</char>
      <count>138792</count>
    </char>
    <char>
      <char>ך</char>
      <count>14069</count>
    </char>
    <char>
      <char>כ</char>
      <count>33601</count>
    </char>
    <char>
      <char>ל</char>
      <count>88638</count>
    </char>
    <char>
      <char>ם</char>
      <count>41446</count>
    </char>
    <char>
      <char>מ</char>
      <count>57893</count>
    </char>
    <char>
      <char>ן</char>
      <count>15299</count>
    </char>
    <char>
      <char>נ</char>
      <count>40101</count>
    </char>
    <char>
      <char>ס</char>
      <count>7691</count>
    </char>
    <char>
      <char>ע</char>
      <count>45032</count>
    </char>
    <char>
      <char>ף</char>
      <count>2561</count>
    </char>
    <char>
      <char>פ</char>
      <count>15801</count>
    </char>
    <char>
      <char>ץ</char>
      <count>3290</count>
    </char>
    <char>
      <char>צ</char>
      <count>11775</count>
    </char>
    <char>
      <char>ק</char>
      <count>16339</count>
    </char>
    <char>
      <char>ר</char>
      <count>68365</count>
    </char>
    <char>
      <char>ש</char>
      <count>58452</count>
    </char>
    <char>
      <char>ת</char>
      <count>63583</count>
    </char>
    <char>
      <char>‍</char>
      <count>79</count>
    </char>
  </characters>
  <torah>
    <books>5</books>
    <chapters>187</chapters>
    <verses>5853</verses>
    <gos>81008</gos>
    <ws>79915</ws>
    <qs>70</qs>
    <ks>67</ks>
    <pes>293</pes>
    <samekhs>394</samekhs>
    <reversednuns>2</reversednuns>
    <notes>263</notes>
    <textdecorations>4</textdecorations>
    <characters>699764</characters>
    <hcharacters>655179</hcharacters>
    <consonants>305172</consonants>
    <ketivconsonants>304850</ketivconsonants>
    <qereconsonants>304879</qereconsonants>
    <vowels>257839</vowels>
    <accents>92168</accents>
    <pseudoaccents>390</pseudoaccents>
    <mds>44195</mds>
    <charcount>77</charcount>
    <characters>
      <char>
        <char> </char>
        <count>387</count>
      </char>
      <char>
        <char>/</char>
        <count>44195</count>
      </char>
      <char>
        <char>֑</char>
        <count>5491</count>
      </char>
      <char>
        <char>֒</char>
        <count>372</count>
      </char>
      <char>
        <char>֓</char>
        <count>4</count>
      </char>
      <char>
        <char>֔</char>
        <count>6998</count>
      </char>
      <char>
        <char>֕</char>
        <count>526</count>
      </char>
      <char>
        <char>֖</char>
        <count>11290</count>
      </char>
      <char>
        <char>֗</char>
        <count>2440</count>
      </char>
      <char>
        <char>֘</char>
        <count>10</count>
      </char>
      <char>
        <char>֙</char>
        <count>6378</count>
      </char>
      <char>
        <char>֚</char>
        <count>356</count>
      </char>
      <char>
        <char>֛</char>
        <count>2679</count>
      </char>
      <char>
        <char>֜</char>
        <count>1121</count>
      </char>
      <char>
        <char>֝</char>
        <count>1</count>
      </char>
      <char>
        <char>֞</char>
        <count>512</count>
      </char>
      <char>
        <char>֟</char>
        <count>1</count>
      </char>
      <char>
        <char>֠</char>
        <count>269</count>
      </char>
      <char>
        <char>֡</char>
        <count>159</count>
      </char>
      <char>
        <char>֣</char>
        <count>9462</count>
      </char>
      <char>
        <char>֤</char>
        <count>3050</count>
      </char>
      <char>
        <char>֥</char>
        <count>9120</count>
      </char>
      <char>
        <char>֦</char>
        <count>5</count>
      </char>
      <char>
        <char>֧</char>
        <count>1091</count>
      </char>
      <char>
        <char>֨</char>
        <count>2074</count>
      </char>
      <char>
        <char>֩</char>
        <count>460</count>
      </char>
      <char>
        <char>֪</char>
        <count>1</count>
      </char>
      <char>
        <char>֮</char>
        <count>365</count>
      </char>
      <char>
        <char>ְ</char>
        <count>36708</count>
      </char>
      <char>
        <char>ֱ</char>
        <count>1116</count>
      </char>
      <char>
        <char>ֲ</char>
        <count>6956</count>
      </char>
      <char>
        <char>ֳ</char>
        <count>120</count>
      </char>
      <char>
        <char>ִ</char>
        <count>25503</count>
      </char>
      <char>
        <char>ֵ</char>
        <count>15801</count>
      </char>
      <char>
        <char>ֶ</char>
        <count>22483</count>
      </char>
      <char>
        <char>ַ</char>
        <count>30659</count>
      </char>
      <char>
        <char>ָ</char>
        <count>39167</count>
      </char>
      <char>
        <char>ֹ</char>
        <count>20013</count>
      </char>
      <char>
        <char>ֺ</char>
        <count>100</count>
      </char>
      <char>
        <char>ֻ</char>
        <count>1068</count>
      </char>
      <char>
        <char>ּ</char>
        <count>42569</count>
      </char>
      <char>
        <char>ֽ</char>
        <count>10197</count>
      </char>
      <char>
        <char>־</char>
        <count>11477</count>
      </char>
      <char>
        <char>ֿ</char>
        <count>7</count>
      </char>
      <char>
        <char>׀</char>
        <count>387</count>
      </char>
      <char>
        <char>ׁ</char>
        <count>12157</count>
      </char>
      <char>
        <char>ׂ</char>
        <count>3419</count>
      </char>
      <char>
        <char>׃</char>
        <count>5833</count>
      </char>
      <char>
        <char>ׄ</char>
        <count>32</count>
      </char>
      <char>
        <char>א</char>
        <count>27069</count>
      </char>
      <char>
        <char>ב</char>
        <count>16357</count>
      </char>
      <char>
        <char>ג</char>
        <count>2111</count>
      </char>
      <char>
        <char>ד</char>
        <count>7039</count>
      </char>
      <char>
        <char>ה</char>
        <count>28085</count>
      </char>
      <char>
        <char>ו</char>
        <count>30596</count>
      </char>
      <char>
        <char>ז</char>
        <count>2199</count>
      </char>
      <char>
        <char>ח</char>
        <count>7194</count>
      </char>
      <char>
        <char>ט</char>
        <count>1806</count>
      </char>
      <char>
        <char>י</char>
        <count>31607</count>
      </char>
      <char>
        <char>ך</char>
        <count>3358</count>
      </char>
      <char>
        <char>כ</char>
        <count>8614</count>
      </char>
      <char>
        <char>ל</char>
        <count>21583</count>
      </char>
      <char>
        <char>ם</char>
        <count>10630</count>
      </char>
      <char>
        <char>מ</char>
        <count>14474</count>
      </char>
      <char>
        <char>ן</char>
        <count>4260</count>
      </char>
      <char>
        <char>נ</char>
        <count>9889</count>
      </char>
      <char>
        <char>ס</char>
        <count>1836</count>
      </char>
      <char>
        <char>ע</char>
        <count>11270</count>
      </char>
      <char>
        <char>ף</char>
        <count>830</count>
      </char>
      <char>
        <char>פ</char>
        <count>3976</count>
      </char>
      <char>
        <char>ץ</char>
        <count>1035</count>
      </char>
      <char>
        <char>צ</char>
        <count>2937</count>
      </char>
      <char>
        <char>ק</char>
        <count>4700</count>
      </char>
      <char>
        <char>ר</char>
        <count>18147</count>
      </char>
      <char>
        <char>ש</char>
        <count>15605</count>
      </char>
      <char>
        <char>ת</char>
        <count>17965</count>
      </char>
      <char>
        <char>‍</char>
        <count>3</count>
      </char>
    </characters>
    <ketivcharcount>77</ketivcharcount>
    <ketivcharacters>
      <char>
        <char> </char>
        <count>387</count>
      </char>
      <char>
        <char>/</char>
        <count>44145</count>
      </char>
      <char>
        <char>֑</char>
        <count>5490</count>
      </char>
      <char>
        <char>֒</char>
        <count>372</count>
      </char>
      <char>
        <char>֓</char>
        <count>4</count>
      </char>
      <char>
        <char>֔</char>
        <count>6989</count>
      </char>
      <char>
        <char>֕</char>
        <count>526</count>
      </char>
      <char>
        <char>֖</char>
        <count>11275</count>
      </char>
      <char>
        <char>֗</char>
        <count>2438</count>
      </char>
      <char>
        <char>֘</char>
        <count>10</count>
      </char>
      <char>
        <char>֙</char>
        <count>6369</count>
      </char>
      <char>
        <char>֚</char>
        <count>356</count>
      </char>
      <char>
        <char>֛</char>
        <count>2677</count>
      </char>
      <char>
        <char>֜</char>
        <count>1119</count>
      </char>
      <char>
        <char>֝</char>
        <count>1</count>
      </char>
      <char>
        <char>֞</char>
        <count>511</count>
      </char>
      <char>
        <char>֟</char>
        <count>1</count>
      </char>
      <char>
        <char>֠</char>
        <count>269</count>
      </char>
      <char>
        <char>֡</char>
        <count>159</count>
      </char>
      <char>
        <char>֣</char>
        <count>9452</count>
      </char>
      <char>
        <char>֤</char>
        <count>3044</count>
      </char>
      <char>
        <char>֥</char>
        <count>9115</count>
      </char>
      <char>
        <char>֦</char>
        <count>5</count>
      </char>
      <char>
        <char>֧</char>
        <count>1091</count>
      </char>
      <char>
        <char>֨</char>
        <count>2074</count>
      </char>
      <char>
        <char>֩</char>
        <count>460</count>
      </char>
      <char>
        <char>֪</char>
        <count>1</count>
      </char>
      <char>
        <char>֮</char>
        <count>365</count>
      </char>
      <char>
        <char>ְ</char>
        <count>36678</count>
      </char>
      <char>
        <char>ֱ</char>
        <count>1116</count>
      </char>
      <char>
        <char>ֲ</char>
        <count>6941</count>
      </char>
      <char>
        <char>ֳ</char>
        <count>118</count>
      </char>
      <char>
        <char>ִ</char>
        <count>25476</count>
      </char>
      <char>
        <char>ֵ</char>
        <count>15795</count>
      </char>
      <char>
        <char>ֶ</char>
        <count>22480</count>
      </char>
      <char>
        <char>ַ</char>
        <count>30617</count>
      </char>
      <char>
        <char>ָ</char>
        <count>39123</count>
      </char>
      <char>
        <char>ֹ</char>
        <count>19994</count>
      </char>
      <char>
        <char>ֺ</char>
        <count>97</count>
      </char>
      <char>
        <char>ֻ</char>
        <count>1068</count>
      </char>
      <char>
        <char>ּ</char>
        <count>42512</count>
      </char>
      <char>
        <char>ֽ</char>
        <count>10175</count>
      </char>
      <char>
        <char>־</char>
        <count>11475</count>
      </char>
      <char>
        <char>ֿ</char>
        <count>7</count>
      </char>
      <char>
        <char>׀</char>
        <count>387</count>
      </char>
      <char>
        <char>ׁ</char>
        <count>12148</count>
      </char>
      <char>
        <char>ׂ</char>
        <count>3418</count>
      </char>
      <char>
        <char>׃</char>
        <count>5827</count>
      </char>
      <char>
        <char>ׄ</char>
        <count>32</count>
      </char>
      <char>
        <char>א</char>
        <count>27060</count>
      </char>
      <char>
        <char>ב</char>
        <count>16345</count>
      </char>
      <char>
        <char>ג</char>
        <count>2109</count>
      </char>
      <char>
        <char>ד</char>
        <count>7032</count>
      </char>
      <char>
        <char>ה</char>
        <count>28055</count>
      </char>
      <char>
        <char>ו</char>
        <count>30533</count>
      </char>
      <char>
        <char>ז</char>
        <count>2198</count>
      </char>
      <char>
        <char>ח</char>
        <count>7189</count>
      </char>
      <char>
        <char>ט</char>
        <count>1804</count>
      </char>
      <char>
        <char>י</char>
        <count>31556</count>
      </char>
      <char>
        <char>ך</char>
        <count>3358</count>
      </char>
      <char>
        <char>כ</char>
        <count>8610</count>
      </char>
      <char>
        <char>ל</char>
        <count>21570</count>
      </char>
      <char>
        <char>ם</char>
        <count>10624</count>
      </char>
      <char>
        <char>מ</char>
        <count>14466</count>
      </char>
      <char>
        <char>ן</char>
        <count>4259</count>
      </char>
      <char>
        <char>נ</char>
        <count>9867</count>
      </char>
      <char>
        <char>ס</char>
        <count>1833</count>
      </char>
      <char>
        <char>ע</char>
        <count>11250</count>
      </char>
      <char>
        <char>ף</char>
        <count>830</count>
      </char>
      <char>
        <char>פ</char>
        <count>3975</count>
      </char>
      <char>
        <char>ץ</char>
        <count>1035</count>
      </char>
      <char>
        <char>צ</char>
        <count>2927</count>
      </char>
      <char>
        <char>ק</char>
        <count>4695</count>
      </char>
      <char>
        <char>ר</char>
        <count>18125</count>
      </char>
      <char>
        <char>ש</char>
        <count>15595</count>
      </char>
      <char>
        <char>ת</char>
        <count>17950</count>
      </char>
      <char>
        <char>‍</char>
        <count>3</count>
      </char>
    </ketivcharacters>
    <qerecharcount>77</qerecharcount>
    <qerecharacters>
      <char>
        <char> </char>
        <count>387</count>
      </char>
      <char>
        <char>/</char>
        <count>44147</count>
      </char>
      <char>
        <char>֑</char>
        <count>5491</count>
      </char>
      <char>
        <char>֒</char>
        <count>372</count>
      </char>
      <char>
        <char>֓</char>
        <count>4</count>
      </char>
      <char>
        <char>֔</char>
        <count>6998</count>
      </char>
      <char>
        <char>֕</char>
        <count>526</count>
      </char>
      <char>
        <char>֖</char>
        <count>11290</count>
      </char>
      <char>
        <char>֗</char>
        <count>2440</count>
      </char>
      <char>
        <char>֘</char>
        <count>10</count>
      </char>
      <char>
        <char>֙</char>
        <count>6378</count>
      </char>
      <char>
        <char>֚</char>
        <count>356</count>
      </char>
      <char>
        <char>֛</char>
        <count>2679</count>
      </char>
      <char>
        <char>֜</char>
        <count>1121</count>
      </char>
      <char>
        <char>֝</char>
        <count>1</count>
      </char>
      <char>
        <char>֞</char>
        <count>512</count>
      </char>
      <char>
        <char>֟</char>
        <count>1</count>
      </char>
      <char>
        <char>֠</char>
        <count>269</count>
      </char>
      <char>
        <char>֡</char>
        <count>159</count>
      </char>
      <char>
        <char>֣</char>
        <count>9462</count>
      </char>
      <char>
        <char>֤</char>
        <count>3050</count>
      </char>
      <char>
        <char>֥</char>
        <count>9120</count>
      </char>
      <char>
        <char>֦</char>
        <count>5</count>
      </char>
      <char>
        <char>֧</char>
        <count>1091</count>
      </char>
      <char>
        <char>֨</char>
        <count>2074</count>
      </char>
      <char>
        <char>֩</char>
        <count>460</count>
      </char>
      <char>
        <char>֪</char>
        <count>1</count>
      </char>
      <char>
        <char>֮</char>
        <count>365</count>
      </char>
      <char>
        <char>ְ</char>
        <count>36708</count>
      </char>
      <char>
        <char>ֱ</char>
        <count>1116</count>
      </char>
      <char>
        <char>ֲ</char>
        <count>6956</count>
      </char>
      <char>
        <char>ֳ</char>
        <count>120</count>
      </char>
      <char>
        <char>ִ</char>
        <count>25503</count>
      </char>
      <char>
        <char>ֵ</char>
        <count>15801</count>
      </char>
      <char>
        <char>ֶ</char>
        <count>22483</count>
      </char>
      <char>
        <char>ַ</char>
        <count>30659</count>
      </char>
      <char>
        <char>ָ</char>
        <count>39167</count>
      </char>
      <char>
        <char>ֹ</char>
        <count>20013</count>
      </char>
      <char>
        <char>ֺ</char>
        <count>100</count>
      </char>
      <char>
        <char>ֻ</char>
        <count>1068</count>
      </char>
      <char>
        <char>ּ</char>
        <count>42569</count>
      </char>
      <char>
        <char>ֽ</char>
        <count>10197</count>
      </char>
      <char>
        <char>־</char>
        <count>11476</count>
      </char>
      <char>
        <char>ֿ</char>
        <count>7</count>
      </char>
      <char>
        <char>׀</char>
        <count>387</count>
      </char>
      <char>
        <char>ׁ</char>
        <count>12157</count>
      </char>
      <char>
        <char>ׂ</char>
        <count>3419</count>
      </char>
      <char>
        <char>׃</char>
        <count>5833</count>
      </char>
      <char>
        <char>ׄ</char>
        <count>32</count>
      </char>
      <char>
        <char>א</char>
        <count>27058</count>
      </char>
      <char>
        <char>ב</char>
        <count>16346</count>
      </char>
      <char>
        <char>ג</char>
        <count>2108</count>
      </char>
      <char>
        <char>ד</char>
        <count>7032</count>
      </char>
      <char>
        <char>ה</char>
        <count>28060</count>
      </char>
      <char>
        <char>ו</char>
        <count>30546</count>
      </char>
      <char>
        <char>ז</char>
        <count>2198</count>
      </char>
      <char>
        <char>ח</char>
        <count>7190</count>
      </char>
      <char>
        <char>ט</char>
        <count>1805</count>
      </char>
      <char>
        <char>י</char>
        <count>31569</count>
      </char>
      <char>
        <char>ך</char>
        <count>3357</count>
      </char>
      <char>
        <char>כ</char>
        <count>8612</count>
      </char>
      <char>
        <char>ל</char>
        <count>21568</count>
      </char>
      <char>
        <char>ם</char>
        <count>10624</count>
      </char>
      <char>
        <char>מ</char>
        <count>14466</count>
      </char>
      <char>
        <char>ן</char>
        <count>4259</count>
      </char>
      <char>
        <char>נ</char>
        <count>9867</count>
      </char>
      <char>
        <char>ס</char>
        <count>1833</count>
      </char>
      <char>
        <char>ע</char>
        <count>11249</count>
      </char>
      <char>
        <char>ף</char>
        <count>830</count>
      </char>
      <char>
        <char>פ</char>
        <count>3974</count>
      </char>
      <char>
        <char>ץ</char>
        <count>1035</count>
      </char>
      <char>
        <char>צ</char>
        <count>2927</count>
      </char>
      <char>
        <char>ק</char>
        <count>4695</count>
      </char>
      <char>
        <char>ר</char>
        <count>18126</count>
      </char>
      <char>
        <char>ש</char>
        <count>15595</count>
      </char>
      <char>
        <char>ת</char>
        <count>17950</count>
      </char>
      <char>
        <char>‍</char>
        <count>3</count>
      </char>
    </qerecharacters>
  </torah>
  <assertions>
    <textgosnotempty>0</textgosnotempty>
    <charactersinrange>0</charactersinrange>
    <maqafsonlyatend>0</maqafsonlyatend>
    <mdsareinternal>2</mdsareinternal>
  </assertions>
</summary>
</Statistics>