<?xml version = "1.0" encoding="UTF-8"?>
<!-- Copyright C.V.Kimball 2013 -->
<Tanach xmlns:xsi="http://www.w3.org/2001/XMLSchema-instance" xsi:noNamespaceSchemaLocation ="../XSL/Tanach.xsd">
<teiHeader>
  <fileDesc>
    <titleStmt>
      <title level="s"  type="uniform">Tanach</title>
      <title level="s"  type="uniformhebrew">תנ״ך</title>
      <title level="s"  type="main">Unicode/XML Westminster Leningrad Codex</title>
      <title level="a"  type="main">Lamentations</title>
      <title level="a"  type="mainhebrew">איכה</title>
      <title level="a"  type="filename">Lamentations</title>
      <editor>Shemu'el ben Ya'akov</editor>
      <editor>Aharon ben-Mosheh ben-Asher</editor>
      <respStmt>
        <resp>Active maintenance of machine-readable version:</resp>
        <name>Stephen K. Salisbury</name>
        <name type="position">Editor</name>
        <name type="email">steve@grovescenter.org</name>
        <name type="org">J. Alan Groves Center for Advanced Biblical Research</name>
      </respStmt>
      <respStmt>
        <resp>Transcription to Unicode/XML:</resp>
        <name>Christopher V. Kimball</name>
        <name type="email">transcriber@tanach.us</name>
      </respStmt>
    </titleStmt>
    <editionStmt>
      <edition>Unicode/XML Westminster Leningrad Codex
        <version>4.20</version>
        <date>30 Jan 2016</date>
      </edition>
      <respStmt>
        <resp>Transcribed by WLC2XML of 28 July 2016 at 03 Aug 2016 @ 11:52.46. Build number: 25.1.</resp>
      </respStmt>
    </editionStmt>
    <extent>    68,843 bytes</extent>
    <publicationStmt>
      <authority>Transcription permitted:
        <name>Kirk Lowery</name>
        <name type="email">kirk@grovescenter.org</name>
        <name type="org">J. Alan Groves Center for Advanced Biblical Research</name>
        <date>15 June 2010 11:49 AM</date>
      </authority>
      <distributor>Via web site:
        <name>Christopher V. Kimball</name>
        <name type="url">http://www.tanach.us/Tanach.xml</name>
        <name type="email">transcriber@tanach.us</name>
      </distributor>
      <availability status="free">Freely available</availability>
    </publicationStmt>
    <notesStmt>
      <note>From the electronic version of the Leningrad Codex maintained by the J. Alan Groves Center for Advanced Biblical Research.</note>
      <note>This text began as an electronic transcription by Richard Whitaker (Princeton Seminary, New Jersey) and H. van Parunak (then at the University of Michigan, Ann Arbor) of the 1983 printed edition of Biblia Hebraica Stuttgartensia (BHS). It was continued with the cooperation of Robert Kraft (University of Pennsylvania) and Emmanuel Tov (Hebrew University, Jerusalem), and completed by Alan Groves (Westminster Theological Seminary).  The transcription was called the Michigan-Claremont-Westminster electronic Hebrew Bible and was archived at the Oxford Text Archive (OTA) in 1987. It has been variously known as the "CCAT" or "eBHS" text. Since that time, the text has been modified in many hundreds of places to conform to the photo-facsimile of the Leningrad Codex, Firkovich B19A, residing at the Russian National Library, St. Petersberg; hence the change of name.</note>
      <note>The J. Alan Groves Center for Advanced Biblical Research has continued to scrutinize and correct this electronic text as a part of its continuing work of building morphology and syntax databases of the Hebrew Bible, since correct linguistic analysis requires an accurate text.</note>
      <note>Vocalized ketib variants are no longer included as they are not part of the original manuscript.</note>
      <note>The only changes to the J. Alan Groves Center for Advanced Biblical Research text by the transcriber are: The book names in English and Hebrew of the Jewish Publication Society Tanach and book abbreviations from the New Revised Standard Version have been added. Six transcription notes (5,7,10) have been moved to the noted character (Lev 11:42.4, Judg 18:30.11, Isa 9.6.1, Ps 80:14.3, Job 38:13.5, Job 38:15.2) </note>
    </notesStmt>
    <sourceDesc>
      <biblItem>
        <title>Hebrew Bible</title>
        <title>Leningrad Codex</title>
        <editor>Shemu'el ben Ya'akov</editor>
        <editor>Aharon ben-Mosheh ben-Asher</editor>
        <edition>Original document</edition>
        <imprint>
          <publisher>Russian National Library (Saltykov-Shchedrin)</publisher>
          <pubPlace>St. Petersburg (Leningrad)</pubPlace>
          <date>1008</date>
        </imprint>
        <idno>Firkovich B 19 A</idno>
      </biblItem>
      <biblItem>
        <title>Biblia Hebraica Stuttgartensia</title>
        <editor>Kittel, Rudolf, 1853-1929</editor>
        <editor>Alt, Albrecht, 1883-1956</editor>
        <editor>Eissfeldt, Otto, 1887-1973</editor>
        <editor>Kahle, Paul, 1875-1964</editor>
        <editor>Elliger, Karl, 1901-1977</editor>
        <editor>Rudolph, Wilhelm, 1891-1987</editor>
        <edition>Fourth</edition>
        <imprint>
          <publisher>Deutsche Bibelstiftung</publisher>
          <pubPlace>Stuttgart</pubPlace>
          <date>1983</date>
        </imprint>
        <idno type="IBSN">3-43805218-0</idno>
      </biblItem>
      <biblItem>
        <title type="uniform">Bible. O.T. Hebrew</title>
        <title type="main">Biblia Hebraica Stuttgartensia [Electronic resource] : (Michigan-Claremont text)</title>
        <editor>Kittel, Rudolf, 1853-1929</editor>
        <editor>Alt, Albrecht, 1883-1956</editor>
        <editor>Eissfeldt, Otto, 1887-1973</editor>
        <editor>Kahle, Paul, 1875-1964</editor>
        <editor>Elliger, Karl, 1901-1977</editor>
        <editor>Rudolph, Wilhelm, 1891-1987</editor>
        <respStmt>
          <resp>Creation of machine-readable version:</resp>
          <name>Whitaker, Richard E.</name>
          <name>Parunak, H. Van Dyke</name>
          <name>Kraft, Robert A</name>
        </respStmt>
        <edition>Rev. ed. / Computer Assisted Tools for Septuagint Studies (Project)</edition>
        <imprint>
          <publisher>Oxford Text Archive</publisher>
          <pubPlace>Oxford</pubPlace>
          <date>1987-02-07</date>
        </imprint>
        <idno type="ota">bibl0525</idno>
      </biblItem>
      <biblItem>
        <title>The Leningrad Codex - A Facsimile Edition</title>
        <editor>Freedman, David Noel</editor>
        <editor>Beck, Astrid B.</editor>
        <edition>First</edition>
        <imprint>
          <publisher>Wm. B. Eerdmans Publishing Co.</publisher>
          <pubPlace>Grand Rapids, MI</pubPlace>
          <date>1998</date>
        </imprint>
        <idno type="IBSN">0-8028-3786-7</idno>
      </biblItem>
    </sourceDesc>
  </fileDesc>
  <encodingDesc>
  </encodingDesc>
  <profileDesc>
    <creation>Input text file wlc420_ps.txt provided by the J. Alan Groves Center for Advanced 
Biblical Research. The file has the MD5 hash: d31a 6a6e 9afa bf82 272c 2efb 0522 a12e 
and was received on 30 Jan 2016. The WLC text file has been modified by the 
transcriber to move transcription notes closer to the relevant character in 
exactly six (6) places. The modified file, wlc_4.20_ps_td.txt, has the following 
SHA-1 hash: A0F7 90CB 55CB FD98 D965 A3B3 4743 2914 2674 3F23 . 
      <date>03 Aug 2016</date>
    </creation>
    <langUsage>
      <language ident="HE">Hebrew</language>
    </langUsage>
  </profileDesc>
</teiHeader>
<tanach>
  <book>
    <names>
      <name>Lamentations</name>
      <abbrev>Lam</abbrev>
      <number>32</number>
      <filename>Lamentations</filename>
      <hebrewname>איכה</hebrewname>
    </names>
    <c n="1">
      <v n="1">
        <w>אֵיכָ֣ה ׀</w>
        <w>יָשְׁבָ֣ה</w>
        <w>בָדָ֗ד</w>
        <w>הָ/עִיר֙</w>
        <w>רַבָּ֣תִי</w>
        <w>עָ֔ם</w>
        <w>הָיְתָ֖ה</w>
        <w>כְּ/אַלְמָנָ֑ה</w>
        <w>רַּבָּ֣תִי<x>Q</x><x>n</x><x>p</x></w>
        <w>בַ/גּוֹיִ֗ם</w>
        <w>שָׂרָ֙תִי֙</w>
        <w>בַּ/מְּדִינ֔וֹת</w>
        <w>הָיְתָ֖ה</w>
        <w>לָ/מַֽס׃</w>
        <samekh/>
      </v>
      <v n="2">
        <w>בָּכ֨וֹ</w>
        <w>תִבְכֶּ֜ה</w>
        <w>בַּ/לַּ֗יְלָה</w>
        <w>וְ/דִמְעָתָ/הּ֙</w>
        <w>עַ֣ל</w>
        <w>לֶֽחֱיָ֔/הּ</w>
        <w>אֵֽין־</w>
        <w>לָ֥/הּ</w>
        <w>מְנַחֵ֖ם</w>
        <w>מִ/כָּל־</w>
        <w>אֹהֲבֶ֑י/הָ</w>
        <w>כָּל־</w>
        <w>רֵעֶ֙י/הָ֙</w>
        <w>בָּ֣גְדוּ</w>
        <w>בָ֔/הּ</w>
        <w>הָ֥יוּ</w>
        <w>לָ֖/הּ</w>
        <w>לְ/אֹיְבִֽים׃</w>
        <samekh/>
      </v>
      <v n="3">
        <w>גָּֽלְתָ֨ה</w>
        <w>יְהוּדָ֤ה</w>
        <w>מֵ/עֹ֙נִי֙</w>
        <w>וּ/מֵ/רֹ֣ב</w>
        <w>עֲבֹדָ֔ה</w>
        <w>הִ֚יא</w>
        <w>יָשְׁבָ֣ה</w>
        <w>בַ/גּוֹיִ֔ם</w>
        <w>לֹ֥א</w>
        <w>מָצְאָ֖ה</w>
        <w>מָנ֑וֹחַ</w>
        <w>כָּל־</w>
        <w>רֹדְפֶ֥י/הָ</w>
        <w>הִשִּׂיג֖וּ/הָ</w>
        <w>בֵּ֥ין</w>
        <w>הַ/מְּצָרִֽים׃</w>
        <samekh/>
      </v>
      <v n="4">
        <w>דַּרְכֵ֨י</w>
        <w>צִיּ֜וֹן</w>
        <w>אֲבֵל֗וֹת</w>
        <w>מִ/בְּלִי֙</w>
        <w>בָּאֵ֣י</w>
        <w>מוֹעֵ֔ד</w>
        <w>כָּל־</w>
        <w>שְׁעָרֶ֙י/הָ֙</w>
        <w>שֽׁוֹמֵמִ֔ין</w>
        <w>כֹּהֲנֶ֖י/הָ</w>
        <w>נֶאֱנָחִ֑ים</w>
        <w>בְּתוּלֹתֶ֥י/הָ</w>
        <w>נּוּג֖וֹת<x>Q</x><x>p</x></w>
        <w>וְ/הִ֥יא</w>
        <w>מַר־</w>
        <w>לָֽ/הּ׃</w>
        <samekh/>
      </v>
      <v n="5">
        <w>הָי֨וּ</w>
        <w>צָרֶ֤י/הָ</w>
        <w>לְ/רֹאשׁ֙</w>
        <w>אֹיְבֶ֣י/הָ</w>
        <w>שָׁל֔וּ</w>
        <w>כִּֽי־</w>
        <w>יְהוָ֥ה</w>
        <w>הוֹגָ֖/הּ</w>
        <w>עַ֣ל</w>
        <w>רֹב־</w>
        <w>פְּשָׁעֶ֑י/הָ</w>
        <w>עוֹלָלֶ֛י/הָ</w>
        <w>הָלְכ֥וּ</w>
        <w>שְׁבִ֖י</w>
        <w>לִ/פְנֵי־</w>
        <w>צָֽר׃</w>
        <samekh/>
      </v>
      <v n="6">
        <w>וַ/יֵּצֵ֥א</w>
        <k>מן־</k>
        <k>בת־</k>
        <q>מִ/בַּת־</q>
        <w>צִיּ֖וֹן</w>
        <w>כָּל־</w>
        <w>הֲדָרָ֑/הּ</w>
        <w>הָי֣וּ</w>
        <w>שָׂרֶ֗י/הָ</w>
        <w>כְּ/אַיָּלִים֙</w>
        <w>לֹא־</w>
        <w>מָצְא֣וּ</w>
        <w>מִרְעֶ֔ה</w>
        <w>וַ/יֵּלְכ֥וּ</w>
        <w>בְ/לֹא־</w>
        <w>כֹ֖חַ</w>
        <w>לִ/פְנֵ֥י</w>
        <w>רוֹדֵֽף׃</w>
        <samekh/>
      </v>
      <v n="7">
        <w>זָֽכְרָ֣ה</w>
        <w>יְרוּשָׁלִַ֗ם</w>
        <w>יְמֵ֤י</w>
        <w>עָנְיָ/הּ֙</w>
        <w>וּ/מְרוּדֶ֔י/הָ</w>
        <w>כֹּ֚ל</w>
        <w>מַחֲמֻדֶ֔י/הָ</w>
        <w>אֲשֶׁ֥ר</w>
        <w>הָי֖וּ</w>
        <w>מִ֣/ימֵי</w>
        <w>קֶ֑דֶם</w>
        <w>בִּ/נְפֹ֧ל</w>
        <w>עַמָּ֣/הּ</w>
        <w>בְּ/יַד־</w>
        <w>צָ֗ר</w>
        <w>וְ/אֵ֤ין</w>
        <w>עוֹזֵר֙</w>
        <w>לָ֔/הּ</w>
        <w>רָא֣וּ/הָ</w>
        <w>צָרִ֔ים</w>
        <w>שָׂחֲק֖וּ</w>
        <w>עַ֥ל</w>
        <w>מִשְׁבַּתֶּֽ/הָ׃</w>
        <samekh/>
      </v>
      <v n="8">
        <w>חֵ֤טְא</w>
        <w>חָֽטְאָה֙</w>
        <w>יְר֣וּשָׁלִַ֔ם</w>
        <w>עַל־</w>
        <w>כֵּ֖ן</w>
        <w>לְ/נִידָ֣ה</w>
        <w>הָיָ֑תָה</w>
        <w>כָּֽל־</w>
        <w>מְכַבְּדֶ֤י/הָ</w>
        <w>הִזִּיל֙וּ/הָ֙</w>
        <w>כִּי־</w>
        <w>רָא֣וּ</w>
        <w>עֶרְוָתָ֔/הּ</w>
        <w>גַּם־</w>
        <w>הִ֥יא</w>
        <w>נֶאֶנְחָ֖ה</w>
        <w>וַ/תָּ֥שָׁב</w>
        <w>אָחֽוֹר׃</w>
        <samekh/>
      </v>
      <v n="9">
        <w>טֻמְאָתָ֣/הּ</w>
        <w>בְּ/שׁוּלֶ֗י/הָ</w>
        <w>לֹ֤א</w>
        <w>זָֽכְרָה֙</w>
        <w>אַחֲרִיתָ֔/הּ</w>
        <w>וַ/תֵּ֣רֶד</w>
        <w>פְּלָאִ֔ים</w>
        <w>אֵ֥ין</w>
        <w>מְנַחֵ֖ם</w>
        <w>לָ֑/הּ</w>
        <w>רְאֵ֤ה</w>
        <w>יְהוָה֙</w>
        <w>אֶת־</w>
        <w>עָנְיִ֔/י</w>
        <w>כִּ֥י</w>
        <w>הִגְדִּ֖יל</w>
        <w>אוֹיֵֽב׃</w>
        <samekh/>
      </v>
      <v n="10">
        <w>יָד/וֹ֙</w>
        <w>פָּ֣רַשׂ</w>
        <w>צָ֔ר</w>
        <w>עַ֖ל</w>
        <w>כָּל־</w>
        <w>מַחֲמַדֶּ֑י/הָ</w>
        <w>כִּֽי־</w>
        <w>רָאֲתָ֤ה</w>
        <w>גוֹיִם֙</w>
        <w>בָּ֣אוּ</w>
        <w>מִקְדָּשָׁ֔/הּ</w>
        <w>אֲשֶׁ֣ר</w>
        <w>צִוִּ֔יתָה</w>
        <w>לֹא־</w>
        <w>יָבֹ֥אוּ</w>
        <w>בַ/קָּהָ֖ל</w>
        <w>לָֽ/ךְ׃</w>
        <samekh/>
      </v>
      <v n="11">
        <w>כָּל־</w>
        <w>עַמָּ֤/הּ</w>
        <w>נֶאֱנָחִים֙</w>
        <w>מְבַקְּשִׁ֣ים</w>
        <w>לֶ֔חֶם</w>
        <w>נָתְנ֧וּ</w>
        <k>מחמודי/הם</k>
        <q>מַחֲמַדֵּי/הֶ֛ם<x>y</x></q>
        <w>בְּ/אֹ֖כֶל</w>
        <w>לְ/הָשִׁ֣יב</w>
        <w>נָ֑פֶשׁ</w>
        <w>רְאֵ֤ה</w>
        <w>יְהוָה֙</w>
        <w>וְֽ/הַבִּ֔יטָ/ה</w>
        <w>כִּ֥י</w>
        <w>הָיִ֖יתִי</w>
        <w>זוֹלֵלָֽה׃</w>
        <samekh/>
      </v>
      <v n="12">
        <w>ל֣וֹא</w>
        <w>אֲלֵי/כֶם֮</w>
        <w>כָּל־</w>
        <w>עֹ֣בְרֵי</w>
        <w>דֶרֶךְ֒</w>
        <w>הַבִּ֣יטוּ</w>
        <w>וּ/רְא֗וּ</w>
        <w>אִם־</w>
        <w>יֵ֤שׁ</w>
        <w>מַכְאוֹב֙</w>
        <w>כְּ/מַכְאֹבִ֔/י</w>
        <w>אֲשֶׁ֥ר</w>
        <w>עוֹלַ֖ל</w>
        <w>לִ֑/י</w>
        <w>אֲשֶׁר֙</w>
        <w>הוֹגָ֣ה</w>
        <w>יְהוָ֔ה</w>
        <w>בְּ/י֖וֹם</w>
        <w>חֲר֥וֹן</w>
        <w>אַפּֽ/וֹ׃</w>
        <samekh/>
      </v>
      <v n="13">
        <w>מִ/מָּר֛וֹם</w>
        <w>שָֽׁלַח־</w>
        <w>אֵ֥שׁ</w>
        <w>בְּ/עַצְמֹתַ֖/י</w>
        <w>וַ/יִּרְדֶּ֑/נָּה</w>
        <w>פָּרַ֨שׂ</w>
        <w>רֶ֤שֶׁת</w>
        <w>לְ/רַגְלַ/י֙</w>
        <w>הֱשִׁיבַ֣/נִי</w>
        <w>אָח֔וֹר</w>
        <w>נְתָנַ֙/נִי֙</w>
        <w>שֹֽׁמֵמָ֔ה</w>
        <w>כָּל־</w>
        <w>הַ/יּ֖וֹם</w>
        <w>דָּוָֽה׃</w>
        <samekh/>
      </v>
      <v n="14">
        <w>נִשְׂקַד֩</w>
        <w>עֹ֨ל</w>
        <w>פְּשָׁעַ֜/י</w>
        <w>בְּ/יָד֗/וֹ</w>
        <w>יִשְׂתָּֽרְג֛וּ</w>
        <w>עָל֥וּ</w>
        <w>עַל־</w>
        <w>צַוָּארִ֖/י</w>
        <w>הִכְשִׁ֣יל</w>
        <w>כֹּחִ֑/י</w>
        <w>נְתָנַ֣/נִי</w>
        <w>אֲדֹנָ֔/י</w>
        <w>בִּ/ידֵ֖י</w>
        <w>לֹא־</w>
        <w>אוּכַ֥ל</w>
        <w>קֽוּם׃</w>
        <samekh/>
      </v>
      <v n="15">
        <w>סִלָּ֨ה</w>
        <w>כָל־</w>
        <w>אַבִּירַ֤/י ׀</w>
        <w>אֲדֹנָ/י֙</w>
        <w>בְּ/קִרְבִּ֔/י</w>
        <w>קָרָ֥א</w>
        <w>עָלַ֛/י</w>
        <w>מוֹעֵ֖ד</w>
        <w>לִ/שְׁבֹּ֣ר</w>
        <w>בַּחוּרָ֑/י</w>
        <w>גַּ֚ת</w>
        <w>דָּרַ֣ךְ</w>
        <w>אֲדֹנָ֔/י</w>
        <w>לִ/בְתוּלַ֖ת</w>
        <w>בַּת־</w>
        <w>יְהוּדָֽה׃</w>
        <samekh/>
      </v>
      <v n="16">
        <w>עַל־</w>
        <w>אֵ֣לֶּה ׀</w>
        <w>אֲנִ֣י</w>
        <w>בוֹכִיָּ֗ה</w>
        <w>עֵינִ֤/י ׀</w>
        <w>עֵינִ/י֙</w>
        <w>יֹ֣רְדָה</w>
        <w>מַּ֔יִם</w>
        <w>כִּֽי־</w>
        <w>רָחַ֥ק</w>
        <w>מִמֶּ֛/נִּי</w>
        <w>מְנַחֵ֖ם</w>
        <w>מֵשִׁ֣יב</w>
        <w>נַפְשִׁ֑/י</w>
        <w>הָי֤וּ</w>
        <w>בָנַ/י֙</w>
        <w>שֽׁוֹמֵמִ֔ים</w>
        <w>כִּ֥י</w>
        <w>גָבַ֖ר</w>
        <w>אוֹיֵֽב׃</w>
        <samekh/>
      </v>
      <v n="17">
        <w>פֵּֽרְשָׂ֨ה</w>
        <w>צִיּ֜וֹן</w>
        <w>בְּ/יָדֶ֗י/הָ</w>
        <w>אֵ֤ין</w>
        <w>מְנַחֵם֙</w>
        <w>לָ֔/הּ</w>
        <w>צִוָּ֧ה</w>
        <w>יְהוָ֛ה</w>
        <w>לְ/יַעֲקֹ֖ב</w>
        <w>סְבִיבָ֣י/ו</w>
        <w>צָרָ֑י/ו</w>
        <w>הָיְתָ֧ה</w>
        <w>יְרוּשָׁלִַ֛ם</w>
        <w>לְ/נִדָּ֖ה</w>
        <w>בֵּינֵי/הֶֽם׃</w>
        <samekh/>
      </v>
      <v n="18">
        <w>צַדִּ֥יק</w>
        <w>ה֛וּא</w>
        <w>יְהוָ֖ה</w>
        <w>כִּ֣י</w>
        <w>פִ֣י/הוּ</w>
        <w>מָרִ֑יתִי</w>
        <w>שִׁמְעוּ־</w>
        <w>נָ֣א</w>
        <w>כָל־</w>
        <k>עמים</k>
        <q>הָֽ/עַמִּ֗ים</q>
        <w>וּ/רְאוּ֙</w>
        <w>מַכְאֹבִ֔/י</w>
        <w>בְּתוּלֹתַ֥/י</w>
        <w>וּ/בַחוּרַ֖/י</w>
        <w>הָלְכ֥וּ</w>
        <w>בַ/שֶּֽׁבִי׃</w>
        <samekh/>
      </v>
      <v n="19">
        <w>קָרָ֤אתִי</w>
        <w>לַֽ/מְאַהֲבַ/י֙</w>
        <w>הֵ֣מָּה</w>
        <w>רִמּ֔וּ/נִי</w>
        <w>כֹּהֲנַ֥/י</w>
        <w>וּ/זְקֵנַ֖/י</w>
        <w>בָּ/עִ֣יר</w>
        <w>גָּוָ֑עוּ</w>
        <w>כִּֽי־</w>
        <w>בִקְשׁ֥וּ</w>
        <w>אֹ֙כֶל֙</w>
        <w>לָ֔/מוֹ</w>
        <w>וְ/יָשִׁ֖יבוּ</w>
        <w>אֶת־</w>
        <w>נַפְשָֽׁ/ם׃</w>
        <samekh/>
      </v>
      <v n="20">
        <w>רְאֵ֨ה</w>
        <w>יְהוָ֤ה</w>
        <w>כִּֽי־</w>
        <w>צַר־</w>
        <w>לִ/י֙</w>
        <w>מֵעַ֣/י</w>
        <w>חֳמַרְמָ֔רוּ</w>
        <w>נֶהְפַּ֤ךְ</w>
        <w>לִבִּ/י֙</w>
        <w>בְּ/קִרְבִּ֔/י</w>
        <w>כִּ֥י</w>
        <w>מָר֖וֹ</w>
        <w>מָרִ֑יתִי</w>
        <w>מִ/ח֥וּץ</w>
        <w>שִׁכְּלָה־</w>
        <w>חֶ֖רֶב</w>
        <w>בַּ/בַּ֥יִת</w>
        <w>כַּ/מָּֽוֶת׃</w>
        <samekh/>
      </v>
      <v n="21">
        <w>שָׁמְע֞וּ</w>
        <w>כִּ֧י</w>
        <w>נֶאֱנָחָ֣ה</w>
        <w>אָ֗נִי</w>
        <w>אֵ֤ין</w>
        <w>מְנַחֵם֙</w>
        <w>לִ֔/י</w>
        <w>כָּל־</w>
        <w>אֹ֨יְבַ֜/י</w>
        <w>שָׁמְע֤וּ</w>
        <w>רָֽעָתִ/י֙</w>
        <w>שָׂ֔שׂוּ</w>
        <w>כִּ֥י</w>
        <w>אַתָּ֖ה</w>
        <w>עָשִׂ֑יתָ</w>
        <w>הֵבֵ֥אתָ</w>
        <w>יוֹם־</w>
        <w>קָרָ֖אתָ</w>
        <w>וְ/יִֽהְי֥וּ</w>
        <w>כָמֽוֹ/נִי׃</w>
        <samekh/>
      </v>
      <v n="22">
        <w>תָּבֹ֨א</w>
        <w>כָל־</w>
        <w>רָעָתָ֤/ם</w>
        <w>לְ/פָנֶ֙י/ךָ֙</w>
        <w>וְ/עוֹלֵ֣ל</w>
        <w>לָ֔/מוֹ</w>
        <w>כַּ/אֲשֶׁ֥ר</w>
        <w>עוֹלַ֛לְתָּ</w>
        <w>לִ֖/י</w>
        <w>עַ֣ל</w>
        <w>כָּל־</w>
        <w>פְּשָׁעָ֑/י</w>
        <w>כִּֽי־</w>
        <w>רַבּ֥וֹת</w>
        <w>אַנְחֹתַ֖/י</w>
        <w>וְ/לִבִּ֥/י</w>
        <w>דַוָּֽי׃</w>
        <pe/>
      </v>
      <vs>22</vs>
    </c>
    <c n="2">
      <v n="1">
        <w>אֵיכָה֩</w>
        <w>יָעִ֨יב</w>
        <w>בְּ/אַפּ֤/וֹ ׀</w>
        <w>אֲדֹנָ/י֙</w>
        <w>אֶת־</w>
        <w>בַּת־</w>
        <w>צִיּ֔וֹן</w>
        <w>הִשְׁלִ֤יךְ</w>
        <w>מִ/שָּׁמַ֙יִם֙</w>
        <w>אֶ֔רֶץ</w>
        <w>תִּפְאֶ֖רֶת</w>
        <w>יִשְׂרָאֵ֑ל</w>
        <w>וְ/לֹא־</w>
        <w>זָכַ֥ר</w>
        <w>הֲדֹם־</w>
        <w>רַגְלָ֖י/ו</w>
        <w>בְּ/י֥וֹם</w>
        <w>אַפּֽ/וֹ׃</w>
        <samekh/>
      </v>
      <v n="2">
        <w>בִּלַּ֨ע</w>
        <w>אֲדֹנָ֜/י</w>
        <k>לא</k>
        <q>וְ/לֹ֣א</q>
        <w>חָמַ֗ל</w>
        <w>אֵ֚ת</w>
        <w>כָּל־</w>
        <w>נְא֣וֹת</w>
        <w>יַעֲקֹ֔ב</w>
        <w>הָרַ֧ס</w>
        <w>בְּ/עֶבְרָת֛/וֹ</w>
        <w>מִבְצְרֵ֥י</w>
        <w>בַת־</w>
        <w>יְהוּדָ֖ה</w>
        <w>הִגִּ֣יעַ</w>
        <w>לָ/אָ֑רֶץ</w>
        <w>חִלֵּ֥ל</w>
        <w>מַמְלָכָ֖ה</w>
        <w>וְ/שָׂרֶֽי/הָ׃</w>
        <samekh/>
      </v>
      <v n="3">
        <w>גָּדַ֣ע</w>
        <w>בָּֽ/חֳרִי<x>Q</x><x>n</x><x>p</x></w>
        <w>אַ֗ף</w>
        <w>כֹּ֚ל</w>
        <w>קֶ֣רֶן</w>
        <w>יִשְׂרָאֵ֔ל</w>
        <w>הֵשִׁ֥יב</w>
        <w>אָח֛וֹר</w>
        <w>יְמִינ֖/וֹ</w>
        <w>מִ/פְּנֵ֣י</w>
        <w>אוֹיֵ֑ב</w>
        <w>וַ/יִּבְעַ֤ר</w>
        <w>בְּ/יַעֲקֹב֙</w>
        <w>כְּ/אֵ֣שׁ</w>
        <w>לֶֽהָבָ֔ה</w>
        <w>אָכְלָ֖ה</w>
        <w>סָבִֽיב׃</w>
        <samekh/>
      </v>
      <v n="4">
        <w>דָּרַ֨ךְ</w>
        <w>קַשְׁתּ֜/וֹ</w>
        <w>כְּ/אוֹיֵ֗ב</w>
        <w>נִצָּ֤ב</w>
        <w>יְמִינ/וֹ֙</w>
        <w>כְּ/צָ֔ר</w>
        <w>וַֽ/יַּהֲרֹ֔ג</w>
        <w>כֹּ֖ל</w>
        <w>מַחֲמַדֵּי־</w>
        <w>עָ֑יִן</w>
        <w>בְּ/אֹ֙הֶל֙</w>
        <w>בַּת־</w>
        <w>צִיּ֔וֹן</w>
        <w>שָׁפַ֥ךְ</w>
        <w>כָּ/אֵ֖שׁ</w>
        <w>חֲמָתֽ/וֹ׃</w>
        <samekh/>
      </v>
      <v n="5">
        <w>הָיָ֨ה</w>
        <w>אֲדֹנָ֤/י ׀</w>
        <w>כְּ/אוֹיֵב֙</w>
        <w>בִּלַּ֣ע</w>
        <w>יִשְׂרָאֵ֔ל</w>
        <w>בִּלַּע֙</w>
        <w>כָּל־</w>
        <w>אַרְמְנוֹתֶ֔י/הָ</w>
        <w>שִׁחֵ֖ת</w>
        <w>מִבְצָרָ֑י/ו</w>
        <w>וַ/יֶּ֙רֶב֙</w>
        <w>בְּ/בַת־</w>
        <w>יְהוּדָ֔ה</w>
        <w>תַּאֲנִיָּ֖ה</w>
        <w>וַ/אֲנִיָּֽה׃</w>
        <samekh/>
      </v>
      <v n="6">
        <w>וַ/יַּחְמֹ֤ס</w>
        <w>כַּ/גַּן֙</w>
        <w>שֻׂכּ֔/וֹ</w>
        <w>שִׁחֵ֖ת</w>
        <w>מוֹעֲד֑/וֹ</w>
        <w>שִׁכַּ֨ח</w>
        <w>יְהוָ֤ה ׀</w>
        <w>בְּ/צִיּוֹן֙</w>
        <w>מוֹעֵ֣ד</w>
        <w>וְ/שַׁבָּ֔ת</w>
        <w>וַ/יִּנְאַ֥ץ</w>
        <w>בְּ/זַֽעַם־</w>
        <w>אַפּ֖/וֹ</w>
        <w>מֶ֥לֶךְ</w>
        <w>וְ/כֹהֵֽן׃</w>
        <samekh/>
      </v>
      <v n="7">
        <w>זָנַ֨ח</w>
        <w>אֲדֹנָ֤/י ׀</w>
        <w>מִזְבְּח/וֹ֙</w>
        <w>נִאֵ֣ר</w>
        <w>מִקְדָּשׁ֔/וֹ</w>
        <w>הִסְגִּיר֙</w>
        <w>בְּ/יַד־</w>
        <w>אוֹיֵ֔ב</w>
        <w>חוֹמֹ֖ת</w>
        <w>אַרְמְנוֹתֶ֑י/הָ</w>
        <w>ק֛וֹל</w>
        <w>נָתְנ֥וּ</w>
        <w>בְּ/בֵית־</w>
        <w>יְהוָ֖ה</w>
        <w>כְּ/י֥וֹם</w>
        <w>מוֹעֵֽד׃</w>
        <samekh/>
      </v>
      <v n="8">
        <w>חָשַׁ֨ב</w>
        <w>יְהוָ֤ה ׀</w>
        <w>לְ/הַשְׁחִית֙</w>
        <w>חוֹמַ֣ת</w>
        <w>בַּת־</w>
        <w>צִיּ֔וֹן</w>
        <w>נָ֣טָה</w>
        <w>קָ֔ו</w>
        <w>לֹא־</w>
        <w>הֵשִׁ֥יב</w>
        <w>יָד֖/וֹ</w>
        <w>מִ/בַּלֵּ֑עַ</w>
        <w>וַ/יַּֽאֲבֶל־</w>
        <w>חֵ֥ל</w>
        <w>וְ/חוֹמָ֖ה</w>
        <w>יַחְדָּ֥ו</w>
        <w>אֻמְלָֽלוּ׃</w>
        <samekh/>
      </v>
      <v n="9">
        <w>טָבְע֤וּ</w>
        <w>בָ/אָ֙רֶץ֙</w>
        <w>שְׁעָרֶ֔י/הָ</w>
        <w>אִבַּ֥ד</w>
        <w>וְ/שִׁבַּ֖ר</w>
        <w>בְּרִיחֶ֑י/הָ</w>
        <w>מַלְכָּ֨/הּ</w>
        <w>וְ/שָׂרֶ֤י/הָ</w>
        <w>בַ/גּוֹיִם֙</w>
        <w>אֵ֣ין</w>
        <w>תּוֹרָ֔ה</w>
        <w>גַּם־</w>
        <w>נְבִיאֶ֕י/הָ</w>
        <w>לֹא־</w>
        <w>מָצְא֥וּ</w>
        <w>חָז֖וֹן</w>
        <w>מֵ/יְהוָֽה׃</w>
        <samekh/>
      </v>
      <v n="10">
        <w>יֵשְׁב֨וּ</w>
        <w>לָ/אָ֤רֶץ</w>
        <w>יִדְּמוּ֙</w>
        <w>זִקְנֵ֣י</w>
        <w>בַת־</w>
        <w>צִיּ֔וֹן</w>
        <w>הֶֽעֱל֤וּ</w>
        <w>עָפָר֙</w>
        <w>עַל־</w>
        <w>רֹאשָׁ֔/ם</w>
        <w>חָגְר֖וּ</w>
        <w>שַׂקִּ֑ים</w>
        <w>הוֹרִ֤ידוּ</w>
        <w>לָ/אָ֙רֶץ֙</w>
        <w>רֹאשָׁ֔/ן</w>
        <w>בְּתוּלֹ֖ת</w>
        <w>יְרוּשָׁלִָֽם׃</w>
        <samekh/>
      </v>
      <v n="11">
        <w>כָּל֨וּ</w>
        <w>בַ/דְּמָע֤וֹת</w>
        <w>עֵינַ/י֙</w>
        <w>חֳמַרְמְר֣וּ</w>
        <w>מֵעַ֔/י</w>
        <w>נִשְׁפַּ֤ךְ</w>
        <w>לָ/אָ֙רֶץ֙</w>
        <w>כְּבֵדִ֔/י</w>
        <w>עַל־</w>
        <w>שֶׁ֖בֶר</w>
        <w>בַּת־</w>
        <w>עַמִּ֑/י</w>
        <w>בֵּֽ/עָטֵ֤ף</w>
        <w>עוֹלֵל֙</w>
        <w>וְ/יוֹנֵ֔ק</w>
        <w>בִּ/רְחֹב֖וֹת</w>
        <w>קִרְיָֽה׃</w>
        <samekh/>
      </v>
      <v n="12">
        <w>לְ/אִמֹּתָ/ם֙</w>
        <w>יֹֽאמְר֔וּ</w>
        <w>אַיֵּ֖ה</w>
        <w>דָּגָ֣ן</w>
        <w>וָ/יָ֑יִן</w>
        <w>בְּ/הִֽתְעַטְּפָ֤/ם</w>
        <w>כֶּֽ/חָלָל֙</w>
        <w>בִּ/רְחֹב֣וֹת</w>
        <w>עִ֔יר</w>
        <w>בְּ/הִשְׁתַּפֵּ֣ךְ</w>
        <w>נַפְשָׁ֔/ם</w>
        <w>אֶל־</w>
        <w>חֵ֖יק</w>
        <w>אִמֹּתָֽ/ם׃</w>
        <samekh/>
      </v>
      <v n="13">
        <w>מָֽה־</w>
        <w>אֲעִידֵ֞/ךְ</w>
        <w>מָ֣ה</w>
        <w>אֲדַמֶּה־</w>
        <w>לָּ֗/ךְ</w>
        <w>הַ/בַּת֙</w>
        <w>יְר֣וּשָׁלִַ֔ם</w>
        <w>מָ֤ה</w>
        <w>אַשְׁוֶה־</w>
        <w>לָּ/ךְ֙</w>
        <w>וַ/אֲנַֽחֲמֵ֔/ךְ</w>
        <w>בְּתוּלַ֖ת</w>
        <w>בַּת־</w>
        <w>צִיּ֑וֹן</w>
        <w>כִּֽי־</w>
        <w>גָד֥וֹל</w>
        <w>כַּ/יָּ֛ם</w>
        <w>שִׁבְרֵ֖/ךְ</w>
        <w>מִ֥י</w>
        <w>יִרְפָּא־</w>
        <w>לָֽ/ךְ׃</w>
        <samekh/>
      </v>
      <v n="14">
        <w>נְבִיאַ֗יִ/ךְ</w>
        <w>חָ֤זוּ</w>
        <w>לָ/ךְ֙</w>
        <w>שָׁ֣וְא</w>
        <w>וְ/תָפֵ֔ל</w>
        <w>וְ/לֹֽא־</w>
        <w>גִלּ֥וּ</w>
        <w>עַל־</w>
        <w>עֲוֺנֵ֖/ךְ</w>
        <w>לְ/הָשִׁ֣יב</w>
        <k>שבית/ך</k>
        <q>שְׁבוּתֵ֑/ךְ</q>
        <w>וַ/יֶּ֣חֱזוּ</w>
        <w>לָ֔/ךְ</w>
        <w>מַשְׂא֥וֹת</w>
        <w>שָׁ֖וְא</w>
        <w>וּ/מַדּוּחִֽים׃</w>
        <samekh/>
      </v>
      <v n="15">
        <w>סָֽפְק֨וּ</w>
        <w>עָלַ֤יִ/ךְ</w>
        <w>כַּפַּ֙יִם֙</w>
        <w>כָּל־</w>
        <w>עֹ֣בְרֵי</w>
        <w>דֶ֔רֶךְ</w>
        <w>שָֽׁרְקוּ֙</w>
        <w>וַ/יָּנִ֣עוּ</w>
        <w>רֹאשָׁ֔/ם</w>
        <w>עַל־</w>
        <w>בַּ֖ת</w>
        <w>יְרוּשָׁלִָ֑ם</w>
        <w>הֲ/זֹ֣את</w>
        <w>הָ/עִ֗יר</w>
        <w>שֶׁ/יֹּֽאמְרוּ֙</w>
        <w>כְּלִ֣ילַת</w>
        <w>יֹ֔פִי</w>
        <w>מָשׂ֖וֹשׂ</w>
        <w>לְ/כָל־</w>
        <w>הָ/אָֽרֶץ׃</w>
        <samekh/>
      </v>
      <v n="16">
        <w>פָּצ֨וּ</w>
        <w>עָלַ֤יִ/ךְ</w>
        <w>פִּי/הֶם֙</w>
        <w>כָּל־</w>
        <w>א֣וֹיְבַ֔יִ/ךְ</w>
        <w>שָֽׁרְקוּ֙</w>
        <w>וַ/יַּֽחַרְקוּ־</w>
        <w>שֵׁ֔ן</w>
        <w>אָמְר֖וּ</w>
        <w>בִּלָּ֑עְנוּ</w>
        <w>אַ֣ךְ</w>
        <w>זֶ֥ה</w>
        <w>הַ/יּ֛וֹם</w>
        <w>שֶׁ/קִּוִּינֻ֖/הוּ</w>
        <w>מָצָ֥אנוּ</w>
        <w>רָאִֽינוּ׃</w>
        <samekh/>
      </v>
      <v n="17">
        <w>עָשָׂ֨ה</w>
        <w>יְהוָ֜ה</w>
        <w>אֲשֶׁ֣ר</w>
        <w>זָמָ֗ם</w>
        <w>בִּצַּ֤ע</w>
        <w>אֶמְרָת/וֹ֙</w>
        <w>אֲשֶׁ֣ר</w>
        <w>צִוָּ֣ה</w>
        <w>מִֽ/ימֵי־</w>
        <w>קֶ֔דֶם</w>
        <w>הָרַ֖ס</w>
        <w>וְ/לֹ֣א</w>
        <w>חָמָ֑ל</w>
        <w>וַ/יְשַׂמַּ֤ח</w>
        <w>עָלַ֙יִ/ךְ֙</w>
        <w>אוֹיֵ֔ב</w>
        <w>הֵרִ֖ים</w>
        <w>קֶ֥רֶן</w>
        <w>צָרָֽיִ/ךְ׃</w>
        <samekh/>
      </v>
      <v n="18">
        <w>צָעַ֥ק</w>
        <w>לִבָּ֖/ם</w>
        <w>אֶל־</w>
        <w>אֲדֹנָ֑/י</w>
        <w>חוֹמַ֣ת</w>
        <w>בַּת־</w>
        <w>צִ֠יּוֹן</w>
        <w>הוֹרִ֨ידִי</w>
        <w>כַ/נַּ֤חַל</w>
        <w>דִּמְעָה֙</w>
        <w>יוֹמָ֣ם</w>
        <w>וָ/לַ֔יְלָה</w>
        <w>אַֽל־</w>
        <w>תִּתְּנִ֤י</w>
        <w>פוּגַת֙</w>
        <w>לָ֔/ךְ</w>
        <w>אַל־</w>
        <w>תִּדֹּ֖ם</w>
        <w>בַּת־</w>
        <w>עֵינֵֽ/ךְ׃</w>
        <samekh/>
      </v>
      <v n="19">
        <w>ק֣וּמִי ׀</w>
        <w>רֹ֣נִּי</w>
        <k>ב/ליל</k>
        <q>בַ/לַּ֗יְלָה</q>
        <w>לְ/רֹאשׁ֙</w>
        <w>אַשְׁמֻר֔וֹת</w>
        <w>שִׁפְכִ֤י</w>
        <w>כַ/מַּ֙יִם֙</w>
        <w>לִבֵּ֔/ךְ</w>
        <w>נֹ֖כַח</w>
        <w>פְּנֵ֣י</w>
        <w>אֲדֹנָ֑/י</w>
        <w>שְׂאִ֧י</w>
        <w>אֵלָ֣י/ו</w>
        <w>כַּפַּ֗יִ/ךְ</w>
        <w>עַל־</w>
        <w>נֶ֙פֶשׁ֙</w>
        <w>עֽוֹלָלַ֔יִ/ךְ</w>
        <w>הָ/עֲטוּפִ֥ים</w>
        <w>בְּ/רָעָ֖ב</w>
        <w>בְּ/רֹ֥אשׁ</w>
        <w>כָּל־</w>
        <w>חוּצֽוֹת׃</w>
        <samekh/>
      </v>
      <v n="20">
        <w>רְאֵ֤ה</w>
        <w>יְהוָה֙</w>
        <w>וְֽ/הַבִּ֔יטָ/ה</w>
        <w>לְ/מִ֖י</w>
        <w>עוֹלַ֣לְתָּ</w>
        <w>כֹּ֑ה</w>
        <w>אִם־</w>
        <w>תֹּאכַ֨לְנָה</w>
        <w>נָשִׁ֤ים</w>
        <w>פִּרְיָ/ם֙</w>
        <w>עֹלֲלֵ֣י</w>
        <w>טִפֻּחִ֔ים</w>
        <w>אִם־</w>
        <w>יֵהָרֵ֛ג</w>
        <w>בְּ/מִקְדַּ֥שׁ</w>
        <w>אֲדֹנָ֖/י</w>
        <w>כֹּהֵ֥ן</w>
        <w>וְ/נָבִֽיא׃</w>
        <samekh/>
      </v>
      <v n="21">
        <w>שָׁכְב֨וּ</w>
        <w>לָ/אָ֤רֶץ</w>
        <w>חוּצוֹת֙</w>
        <w>נַ֣עַר</w>
        <w>וְ/זָקֵ֔ן</w>
        <w>בְּתוּלֹתַ֥/י</w>
        <w>וּ/בַחוּרַ֖/י</w>
        <w>נָפְל֣וּ</w>
        <w>בֶ/חָ֑רֶב</w>
        <w>הָרַ֙גְתָּ֙</w>
        <w>בְּ/י֣וֹם</w>
        <w>אַפֶּ֔/ךָ</w>
        <w>טָבַ֖חְתָּ</w>
        <w>לֹ֥א</w>
        <w>חָמָֽלְתָּ׃</w>
        <samekh/>
      </v>
      <v n="22">
        <w>תִּקְרָא֩</w>
        <w>כְ/י֨וֹם</w>
        <w>מוֹעֵ֤ד</w>
        <w>מְגוּרַ/י֙</w>
        <w>מִ/סָּבִ֔יב</w>
        <w>וְ/לֹ֥א</w>
        <w>הָיָ֛ה</w>
        <w>בְּ/י֥וֹם</w>
        <w>אַף־</w>
        <w>יְהוָ֖ה</w>
        <w>פָּלִ֣יט</w>
        <w>וְ/שָׂרִ֑יד</w>
        <w>אֲשֶׁר־</w>
        <w>טִפַּ֥חְתִּי</w>
        <w>וְ/רִבִּ֖יתִי</w>
        <w>אֹיְבִ֥/י</w>
        <w>כִלָּֽ/ם׃</w>
        <pe/>
      </v>
      <vs>22</vs>
    </c>
    <c n="3">
      <v n="1">
        <w>אֲנִ֤י</w>
        <w>הַ/גֶּ֙בֶר֙</w>
        <w>רָאָ֣ה</w>
        <w>עֳנִ֔י</w>
        <w>בְּ/שֵׁ֖בֶט</w>
        <w>עֶבְרָתֽ/וֹ׃</w>
      </v>
      <v n="2">
        <w>אוֹתִ֥/י</w>
        <w>נָהַ֛ג</w>
        <w>וַ/יֹּלַ֖ךְ</w>
        <w>חֹ֥שֶׁךְ</w>
        <w>וְ/לֹא־</w>
        <w>אֽוֹר׃</w>
      </v>
      <v n="3">
        <w>אַ֣ךְ</w>
        <w>בִּ֥/י</w>
        <w>יָשֻׁ֛ב</w>
        <w>יַהֲפֹ֥ךְ</w>
        <w>יָד֖/וֹ</w>
        <w>כָּל־</w>
        <w>הַ/יּֽוֹם׃</w>
        <samekh/>
      </v>
      <v n="4">
        <w>בִּלָּ֤ה</w>
        <w>בְשָׂרִ/י֙</w>
        <w>וְ/עוֹרִ֔/י</w>
        <w>שִׁבַּ֖ר</w>
        <w>עַצְמוֹתָֽ/י׃</w>
      </v>
      <v n="5">
        <w>בָּנָ֥ה</w>
        <w>עָלַ֛/י</w>
        <w>וַ/יַּקַּ֖ף</w>
        <w>רֹ֥אשׁ</w>
        <w>וּ/תְלָאָֽה׃</w>
      </v>
      <v n="6">
        <w>בְּ/מַחֲשַׁכִּ֥ים</w>
        <w>הוֹשִׁיבַ֖/נִי</w>
        <w>כְּ/מֵתֵ֥י</w>
        <w>עוֹלָֽם׃</w>
        <samekh/>
      </v>
      <v n="7">
        <w>גָּדַ֧ר</w>
        <w>בַּעֲדִ֛/י</w>
        <w>וְ/לֹ֥א</w>
        <w>אֵצֵ֖א</w>
        <w>הִכְבִּ֥יד</w>
        <w>נְחָשְׁתִּֽ/י׃</w>
      </v>
      <v n="8">
        <w>גַּ֣ם</w>
        <w>כִּ֤י</w>
        <w>אֶזְעַק֙</w>
        <w>וַ/אֲשַׁוֵּ֔עַ</w>
        <w>שָׂתַ֖ם</w>
        <w>תְּפִלָּתִֽ/י׃</w>
      </v>
      <v n="9">
        <w>גָּדַ֤ר</w>
        <w>דְּרָכַ/י֙</w>
        <w>בְּ/גָזִ֔ית</w>
        <w>נְתִיבֹתַ֖/י</w>
        <w>עִוָּֽה׃</w>
        <samekh/>
      </v>
      <v n="10">
        <w>דֹּ֣ב</w>
        <w>אֹרֵ֥ב</w>
        <w>הוּא֙</w>
        <w>לִ֔/י</w>
        <k>אריה</k>
        <q>אֲרִ֖י</q>
        <w>בְּ/מִסְתָּרִֽים׃</w>
      </v>
      <v n="11">
        <w>דְּרָכַ֥/י</w>
        <w>סוֹרֵ֛ר</w>
        <w>וַֽ/יְפַשְּׁחֵ֖/נִי</w>
        <w>שָׂמַ֥/נִי</w>
        <w>שֹׁמֵֽם׃</w>
      </v>
      <v n="12">
        <w>דָּרַ֤ךְ</w>
        <w>קַשְׁת/וֹ֙<x>Q</x><x>n</x><x>p</x></w>
        <w>וַ/יַּצִּיבֵ֔/נִי</w>
        <w>כַּ/מַּטָּרָ֖א</w>
        <w>לַ/חֵֽץ׃</w>
        <samekh/>
      </v>
      <v n="13">
        <w>הֵבִיא֙</w>
        <w>בְּ/כִלְיוֹתָ֔/י</w>
        <w>בְּנֵ֖י</w>
        <w>אַשְׁפָּתֽ/וֹ׃</w>
      </v>
      <v n="14">
        <w>הָיִ֤יתִי</w>
        <w>שְּׂחֹק֙<x>P</x></w>
        <w>לְ/כָל־</w>
        <w>עַמִּ֔/י</w>
        <w>נְגִינָתָ֖/ם</w>
        <w>כָּל־</w>
        <w>הַ/יּֽוֹם׃</w>
      </v>
      <v n="15">
        <w>הִשְׂבִּיעַ֥/נִי</w>
        <w>בַ/מְּרוֹרִ֖ים</w>
        <w>הִרְוַ֥/נִי</w>
        <w>לַעֲנָֽה׃</w>
        <samekh/>
      </v>
      <v n="16">
        <w>וַ/יַּגְרֵ֤ס</w>
        <w>בֶּֽ/חָצָץ֙</w>
        <w>שִׁנָּ֔/י</w>
        <w>הִכְפִּישַׁ֖/נִי</w>
        <w>בָּ/אֵֽפֶר׃</w>
      </v>
      <v n="17">
        <w>וַ/תִּזְנַ֧ח</w>
        <w>מִ/שָּׁל֛וֹם</w>
        <w>נַפְשִׁ֖/י</w>
        <w>נָשִׁ֥יתִי</w>
        <w>טוֹבָֽה׃</w>
      </v>
      <v n="18">
        <w>וָ/אֹמַר֙</w>
        <w>אָבַ֣ד</w>
        <w>נִצְחִ֔/י</w>
        <w>וְ/תוֹחַלְתִּ֖/י</w>
        <w>מֵ/יְהוָֽה׃</w>
        <samekh/>
      </v>
      <v n="19">
        <w>זְכָר־</w>
        <w>עָנְיִ֥/י</w>
        <w>וּ/מְרוּדִ֖/י</w>
        <w>לַעֲנָ֥ה</w>
        <w>וָ/רֹֽאשׁ׃</w>
      </v>
      <v n="20">
        <w>זָכ֣וֹר</w>
        <w>תִּזְכּ֔וֹר</w>
        <k>ו/תשיח</k>
        <q>וְ/תָשׁ֥וֹחַ</q>
        <w>עָלַ֖/י</w>
        <w>נַפְשִֽׁ/י׃</w>
      </v>
      <v n="21">
        <w>זֹ֛את</w>
        <w>אָשִׁ֥יב</w>
        <w>אֶל־</w>
        <w>לִבִּ֖/י</w>
        <w>עַל־</w>
        <w>כֵּ֥ן</w>
        <w>אוֹחִֽיל׃</w>
        <samekh/>
      </v>
      <v n="22">
        <w>חַֽסְדֵ֤י</w>
        <w>יְהוָה֙</w>
        <w>כִּ֣י</w>
        <w>לֹא־</w>
        <w>תָ֔מְנוּ</w>
        <w>כִּ֥י</w>
        <w>לֹא־</w>
        <w>כָל֖וּ</w>
        <w>רַחֲמָֽי/ו׃</w>
      </v>
      <v n="23">
        <w>חֲדָשִׁים֙</w>
        <w>לַ/בְּקָרִ֔ים</w>
        <w>רַבָּ֖ה</w>
        <w>אֱמוּנָתֶֽ/ךָ׃</w>
      </v>
      <v n="24">
        <w>חֶלְקִ֤/י</w>
        <w>יְהוָה֙</w>
        <w>אָמְרָ֣ה</w>
        <w>נַפְשִׁ֔/י</w>
        <w>עַל־</w>
        <w>כֵּ֖ן</w>
        <w>אוֹחִ֥יל</w>
        <w>לֽ/וֹ׃</w>
        <samekh/>
      </v>
      <v n="25">
        <w>ט֤וֹב</w>
        <w>יְהוָה֙</w>
        <w>לְ/קוָֹ֔/ו<x>Q</x><x>q</x></w>
        <w>לְ/נֶ֖פֶשׁ</w>
        <w>תִּדְרְשֶֽׁ/נּוּ׃</w>
      </v>
      <v n="26">
        <w>ט֤וֹב</w>
        <w>וְ/יָחִיל֙</w>
        <w>וְ/דוּמָ֔ם</w>
        <w>לִ/תְשׁוּעַ֖ת</w>
        <w>יְהוָֽה׃</w>
      </v>
      <v n="27">
        <w>ט֣וֹב</w>
        <w>לַ/גֶּ֔בֶר</w>
        <w>כִּֽי־</w>
        <w>יִשָּׂ֥א</w>
        <w>עֹ֖ל</w>
        <w>בִּ/נְעוּרָֽי/ו׃</w>
        <samekh/>
      </v>
      <v n="28">
        <w>יֵשֵׁ֤ב</w>
        <w>בָּדָד֙</w>
        <w>וְ/יִדֹּ֔ם</w>
        <w>כִּ֥י</w>
        <w>נָטַ֖ל</w>
        <w>עָלָֽי/ו׃</w>
      </v>
      <v n="29">
        <w>יִתֵּ֤ן</w>
        <w>בֶּֽ/עָפָר֙</w>
        <w>פִּ֔י/הוּ</w>
        <w>אוּלַ֖י</w>
        <w>יֵ֥שׁ</w>
        <w>תִּקְוָֽה׃</w>
      </v>
      <v n="30">
        <w>יִתֵּ֧ן</w>
        <w>לְ/מַכֵּ֛/הוּ</w>
        <w>לֶ֖חִי</w>
        <w>יִשְׂבַּ֥ע</w>
        <w>בְּ/חֶרְפָּֽה׃</w>
        <samekh/>
      </v>
      <v n="31">
        <w>כִּ֣י</w>
        <w>לֹ֥א</w>
        <w>יִזְנַ֛ח</w>
        <w>לְ/עוֹלָ֖ם</w>
        <w>אֲדֹנָֽ/י׃</w>
      </v>
      <v n="32">
        <w>כִּ֣י</w>
        <w>אִם־</w>
        <w>הוֹגָ֔ה</w>
        <w>וְ/רִחַ֖ם</w>
        <w>כְּ/רֹ֥ב</w>
        <k>חסד/ו</k>
        <q>חֲסָדָֽי/ו׃</q>
      </v>
      <v n="33">
        <w>כִּ֣י</w>
        <w>לֹ֤א</w>
        <w>עִנָּה֙</w>
        <w>מִ/לִּבּ֔/וֹ</w>
        <w>וַ/יַּגֶּ֖ה</w>
        <w>בְנֵי־</w>
        <w>אִֽישׁ׃<x>Q</x><x>n</x><x>p</x></w>
        <samekh/>
      </v>
      <v n="34">
        <w>לְ/דַכֵּא֙</w>
        <w>תַּ֣חַת</w>
        <w>רַגְלָ֔י/ו</w>
        <w>כֹּ֖ל</w>
        <w>אֲסִ֥ירֵי</w>
        <w>אָֽרֶץ׃</w>
      </v>
      <v n="35">
        <w>לְ/הַטּוֹת֙</w>
        <w>מִשְׁפַּט־</w>
        <w>גָּ֔בֶר</w>
        <w>נֶ֖גֶד</w>
        <w>פְּנֵ֥י</w>
        <w>עֶלְיֽוֹן׃</w>
      </v>
      <v n="36">
        <w>לְ/עַוֵּ֤ת</w>
        <w>אָדָם֙</w>
        <w>בְּ/רִיב֔/וֹ</w>
        <w>אֲדֹנָ֖/י</w>
        <w>לֹ֥א</w>
        <w>רָאָֽה׃</w>
        <samekh/>
      </v>
      <v n="37">
        <w>מִ֣י</w>
        <w>זֶ֤ה</w>
        <w>אָמַר֙</w>
        <w>וַ/תֶּ֔הִי</w>
        <w>אֲדֹנָ֖/י</w>
        <w>לֹ֥א</w>
        <w>צִוָּֽה׃</w>
      </v>
      <v n="38">
        <w>מִ/פִּ֤י</w>
        <w>עֶלְיוֹן֙</w>
        <w>לֹ֣א</w>
        <w>תֵצֵ֔א</w>
        <w>הָ/רָע֖וֹת</w>
        <w>וְ/הַ/טּֽוֹב׃</w>
      </v>
      <v n="39">
        <w>מַה־</w>
        <w>יִּתְאוֹנֵן֙</w>
        <w>אָדָ֣ם</w>
        <w>חָ֔י</w>
        <w>גֶּ֖בֶר</w>
        <w>עַל־</w>
        <k>חטא/ו</k>
        <q>חֲטָאָֽי/ו׃</q>
        <samekh/>
      </v>
      <v n="40">
        <w>נַחְפְּשָׂ֤ה</w>
        <w>דְרָכֵ֙י/נוּ֙</w>
        <w>וְֽ/נַחְקֹ֔רָה</w>
        <w>וְ/נָשׁ֖וּבָה</w>
        <w>עַד־</w>
        <w>יְהוָֽה׃</w>
      </v>
      <v n="41">
        <w>נִשָּׂ֤א</w>
        <w>לְבָבֵ֙/נוּ֙</w>
        <w>אֶל־</w>
        <w>כַּפָּ֔יִם</w>
        <w>אֶל־</w>
        <w>אֵ֖ל</w>
        <w>בַּ/שָּׁמָֽיִם׃</w>
      </v>
      <v n="42">
        <w>נַ֤חְנוּ</w>
        <w>פָשַׁ֙עְנוּ֙</w>
        <w>וּ/מָרִ֔ינוּ</w>
        <w>אַתָּ֖ה</w>
        <w>לֹ֥א</w>
        <w>סָלָֽחְתָּ׃</w>
        <samekh/>
      </v>
      <v n="43">
        <w>סַכֹּ֤תָה</w>
        <w>בָ/אַף֙</w>
        <w>וַֽ/תִּרְדְּפֵ֔/נוּ</w>
        <w>הָרַ֖גְתָּ</w>
        <w>לֹ֥א</w>
        <w>חָמָֽלְתָּ׃</w>
      </v>
      <v n="44">
        <w>סַכּ֤וֹתָה</w>
        <w>בֶֽ/עָנָן֙</w>
        <w>לָ֔/ךְ</w>
        <w>מֵ/עֲב֖וֹר</w>
        <w>תְּפִלָּֽה׃</w>
      </v>
      <v n="45">
        <w>סְחִ֧י</w>
        <w>וּ/מָא֛וֹס</w>
        <w>תְּשִׂימֵ֖/נוּ</w>
        <w>בְּ/קֶ֥רֶב</w>
        <w>הָ/עַמִּֽים׃</w>
        <samekh/>
      </v>
      <v n="46">
        <w>פָּצ֥וּ</w>
        <w>עָלֵ֛י/נוּ</w>
        <w>פִּי/הֶ֖ם</w>
        <w>כָּל־</w>
        <w>אֹיְבֵֽי/נוּ׃</w>
      </v>
      <v n="47">
        <w>פַּ֧חַד</w>
        <w>וָ/פַ֛חַת</w>
        <w>הָ֥יָה</w>
        <w>לָ֖/נוּ</w>
        <w>הַ/שֵּׁ֥את</w>
        <w>וְ/הַ/שָּֽׁבֶר׃</w>
      </v>
      <v n="48">
        <w>פַּלְגֵי־</w>
        <w>מַ֙יִם֙</w>
        <w>תֵּרַ֣ד</w>
        <w>עֵינִ֔/י</w>
        <w>עַל־</w>
        <w>שֶׁ֖בֶר</w>
        <w>בַּת־</w>
        <w>עַמִּֽ/י׃</w>
        <samekh/>
      </v>
      <v n="49">
        <w>עֵינִ֧/י</w>
        <w>נִגְּרָ֛ה</w>
        <w>וְ/לֹ֥א</w>
        <w>תִדְמֶ֖ה</w>
        <w>מֵ/אֵ֥ין</w>
        <w>הֲפֻגֽוֹת׃</w>
      </v>
      <v n="50">
        <w>עַד־</w>
        <w>יַשְׁקִ֣יף</w>
        <w>וְ/יֵ֔רֶא</w>
        <w>יְהוָ֖ה</w>
        <w>מִ/שָּׁמָֽיִם׃</w>
      </v>
      <v n="51">
        <w>עֵינִ/י֙</w>
        <w>עֽוֹלְלָ֣ה</w>
        <w>לְ/נַפְשִׁ֔/י</w>
        <w>מִ/כֹּ֖ל</w>
        <w>בְּנ֥וֹת</w>
        <w>עִירִֽ/י׃</w>
        <samekh/>
      </v>
      <v n="52">
        <w>צ֥וֹד</w>
        <w>צָד֛וּ/נִי</w>
        <w>כַּ/צִּפּ֖וֹר</w>
        <w>אֹיְבַ֥/י</w>
        <w>חִנָּֽם׃</w>
      </v>
      <v n="53">
        <w>צָֽמְת֤וּ</w>
        <w>בַ/בּוֹר֙</w>
        <w>חַיָּ֔/י</w>
        <w>וַ/יַּדּוּ־</w>
        <w>אֶ֖בֶן</w>
        <w>בִּֽ/י׃</w>
      </v>
      <v n="54">
        <w>צָֽפוּ־</w>
        <w>מַ֥יִם</w>
        <w>עַל־</w>
        <w>רֹאשִׁ֖/י</w>
        <w>אָמַ֥רְתִּי</w>
        <w>נִגְזָֽרְתִּי׃</w>
        <samekh/>
      </v>
      <v n="55">
        <w>קָרָ֤אתִי</w>
        <w>שִׁמְ/ךָ֙</w>
        <w>יְהוָ֔ה</w>
        <w>מִ/בּ֖וֹר</w>
        <w>תַּחְתִּיּֽוֹת׃</w>
      </v>
      <v n="56">
        <w>קוֹלִ֖/י</w>
        <w>שָׁמָ֑עְתָּ</w>
        <w>אַל־</w>
        <w>תַּעְלֵ֧ם</w>
        <w>אָזְנְ/ךָ֛</w>
        <w>לְ/רַוְחָתִ֖/י</w>
        <w>לְ/שַׁוְעָתִֽ/י׃</w>
      </v>
      <v n="57">
        <w>קָרַ֙בְתָּ֙</w>
        <w>בְּ/י֣וֹם</w>
        <w>אֶקְרָאֶ֔/ךָּ</w>
        <w>אָמַ֖רְתָּ</w>
        <w>אַל־</w>
        <w>תִּירָֽא׃</w>
        <samekh/>
      </v>
      <v n="58">
        <w>רַ֧בְתָּ</w>
        <w>אֲדֹנָ֛/י</w>
        <w>רִיבֵ֥י</w>
        <w>נַפְשִׁ֖/י</w>
        <w>גָּאַ֥לְתָּ</w>
        <w>חַיָּֽ/י׃</w>
      </v>
      <v n="59">
        <w>רָאִ֤יתָה</w>
        <w>יְהוָה֙</w>
        <w>עַוָּ֣תָתִ֔/י</w>
        <w>שָׁפְטָ֖/ה</w>
        <w>מִשְׁפָּטִֽ/י׃</w>
      </v>
      <v n="60">
        <w>רָאִ֙יתָה֙</w>
        <w>כָּל־</w>
        <w>נִקְמָתָ֔/ם</w>
        <w>כָּל־</w>
        <w>מַחְשְׁבֹתָ֖/ם</w>
        <w>לִֽ/י׃</w>
        <samekh/>
      </v>
      <v n="61">
        <w>שָׁמַ֤עְתָּ</w>
        <w>חֶרְפָּתָ/ם֙</w>
        <w>יְהוָ֔ה</w>
        <w>כָּל־</w>
        <w>מַחְשְׁבֹתָ֖/ם</w>
        <w>עָלָֽ/י׃</w>
      </v>
      <v n="62">
        <w>שִׂפְתֵ֤י</w>
        <w>קָמַ/י֙</w>
        <w>וְ/הֶגְיוֹנָ֔/ם</w>
        <w>עָלַ֖/י</w>
        <w>כָּל־</w>
        <w>הַ/יּֽוֹם׃</w>
      </v>
      <v n="63">
        <w>שִׁבְתָּ֤/ם</w>
        <w>וְ/קִֽימָתָ/ם֙</w>
        <w>הַבִּ֔יטָ/ה</w>
        <w>אֲנִ֖י</w>
        <w>מַנְגִּינָתָֽ/ם׃</w>
        <samekh/>
      </v>
      <v n="64">
        <w>תָּשִׁ֨יב</w>
        <w>לָ/הֶ֥ם</w>
        <w>גְּמ֛וּל</w>
        <w>יְהוָ֖ה</w>
        <w>כְּ/מַעֲשֵׂ֥ה</w>
        <w>יְדֵי/הֶֽם׃</w>
      </v>
      <v n="65">
        <w>תִּתֵּ֤ן</w>
        <w>לָ/הֶם֙</w>
        <w>מְגִנַּת־</w>
        <w>לֵ֔ב</w>
        <w>תַּאֲלָֽתְ/ךָ֖</w>
        <w>לָ/הֶֽם׃</w>
      </v>
      <v n="66">
        <w>תִּרְדֹּ֤ף</w>
        <w>בְּ/אַף֙</w>
        <w>וְ/תַשְׁמִידֵ֔/ם</w>
        <w>מִ/תַּ֖חַת</w>
        <w>שְׁמֵ֥י</w>
        <w>יְהוָֽה׃</w>
        <pe/>
      </v>
      <vs>66</vs>
    </c>
    <c n="4">
      <v n="1">
        <w>אֵיכָה֙</w>
        <w>יוּעַ֣ם</w>
        <w>זָהָ֔ב</w>
        <w>יִשְׁנֶ֖א</w>
        <w>הַ/כֶּ֣תֶם</w>
        <w>הַ/טּ֑וֹב</w>
        <w>תִּשְׁתַּפֵּ֙כְנָה֙</w>
        <w>אַבְנֵי־</w>
        <w>קֹ֔דֶשׁ</w>
        <w>בְּ/רֹ֖אשׁ</w>
        <w>כָּל־</w>
        <w>חוּצֽוֹת׃</w>
        <samekh/>
      </v>
      <v n="2">
        <w>בְּנֵ֤י</w>
        <w>צִיּוֹן֙</w>
        <w>הַ/יְקָרִ֔ים</w>
        <w>הַ/מְסֻלָּאִ֖ים</w>
        <w>בַּ/פָּ֑ז</w>
        <w>אֵיכָ֤ה</w>
        <w>נֶחְשְׁבוּ֙</w>
        <w>לְ/נִבְלֵי־</w>
        <w>חֶ֔רֶשׂ</w>
        <w>מַעֲשֵׂ֖ה</w>
        <w>יְדֵ֥י</w>
        <w>יוֹצֵֽר׃</w>
        <samekh/>
      </v>
      <v n="3">
        <w>גַּם־</w>
        <k>תנין</k>
        <q>תַּנִּים֙</q>
        <w>חָ֣לְצוּ</w>
        <w>שַׁ֔ד</w>
        <w>הֵינִ֖יקוּ</w>
        <w>גּוּרֵי/הֶ֑ן</w>
        <w>בַּת־</w>
        <w>עַמִּ֣/י</w>
        <w>לְ/אַכְזָ֔ר</w>
        <k>כי</k>
        <k>ענים</k>
        <q>כַּ/יְעֵנִ֖ים</q>
        <w>בַּ/מִּדְבָּֽר׃</w>
        <samekh/>
      </v>
      <v n="4">
        <w>דָּבַ֨ק</w>
        <w>לְשׁ֥וֹן</w>
        <w>יוֹנֵ֛ק</w>
        <w>אֶל־</w>
        <w>חכּ֖/וֹ<x>Q</x><x>n</x><x>v</x></w>
        <w>בַּ/צָּמָ֑א</w>
        <w>עֽוֹלָלִים֙</w>
        <w>שָׁ֣אֲלוּ</w>
        <w>לֶ֔חֶם</w>
        <w>פֹּרֵ֖שׂ</w>
        <w>אֵ֥ין</w>
        <w>לָ/הֶֽם׃</w>
        <samekh/>
      </v>
      <v n="5">
        <w>הָ/אֹֽכְלִים֙</w>
        <w>לְ/מַ֣עֲדַנִּ֔ים</w>
        <w>נָשַׁ֖מּוּ</w>
        <w>בַּ/חוּצ֑וֹת</w>
        <w>הָ/אֱמֻנִים֙</w>
        <w>עֲלֵ֣י</w>
        <w>תוֹלָ֔ע</w>
        <w>חִבְּק֖וּ</w>
        <w>אַשְׁפַּתּֽוֹת׃</w>
        <samekh/>
      </v>
      <v n="6">
        <w>וַ/יִּגְדַּל֙</w>
        <w>עֲוֺ֣ן</w>
        <w>בַּת־</w>
        <w>עַמִּ֔/י</w>
        <w>מֵֽ/חַטַּ֖את</w>
        <w>סְדֹ֑ם</w>
        <w>הַֽ/הֲפוּכָ֣ה</w>
        <w>כְמוֹ־</w>
        <w>רָ֔גַע</w>
        <w>וְ/לֹא־</w>
        <w>חָ֥לוּ</w>
        <w>בָ֖/הּ</w>
        <w>יָדָֽיִם׃</w>
        <samekh/>
      </v>
      <v n="7">
        <w>זַכּ֤וּ</w>
        <w>נְזִירֶ֙י/הָ֙</w>
        <w>מִ/שֶּׁ֔לֶג</w>
        <w>צַח֖וּ</w>
        <w>מֵ/חָלָ֑ב</w>
        <w>אָ֤דְמוּ</w>
        <w>עֶ֙צֶם֙</w>
        <w>מִ/פְּנִינִ֔ים</w>
        <w>סַפִּ֖יר</w>
        <w>גִּזְרָתָֽ/ם׃</w>
        <samekh/>
      </v>
      <v n="8">
        <w>חָשַׁ֤ךְ</w>
        <w>מִ/שְּׁחוֹר֙</w>
        <w>תָּֽאֳרָ֔/ם</w>
        <w>לֹ֥א</w>
        <w>נִכְּר֖וּ</w>
        <w>בַּ/חוּצ֑וֹת</w>
        <w>צָפַ֤ד</w>
        <w>עוֹרָ/ם֙</w>
        <w>עַל־</w>
        <w>עַצְמָ֔/ם</w>
        <w>יָבֵ֖שׁ</w>
        <w>הָיָ֥ה</w>
        <w>כָ/עֵֽץ׃</w>
        <samekh/>
      </v>
      <v n="9">
        <w>טוֹבִ֤ים</w>
        <w>הָיוּ֙</w>
        <w>חַלְלֵי־</w>
        <w>חֶ֔רֶב</w>
        <w>מֵֽ/חַלְלֵ֖י</w>
        <w>רָעָ֑ב</w>
        <w>שֶׁ֣/הֵ֤ם</w>
        <w>יָז֙וּבוּ֙</w>
        <w>מְדֻקָּרִ֔ים</w>
        <w>מִ/תְּנוּבֹ֖ת</w>
        <w>שָׂדָֽי׃</w>
        <samekh/>
      </v>
      <v n="10">
        <w>יְדֵ֗י</w>
        <w>נָשִׁים֙</w>
        <w>רַחֲמָ֣נִיּ֔וֹת</w>
        <w>בִּשְּׁל֖וּ</w>
        <w>יַלְדֵי/הֶ֑ן</w>
        <w>הָי֤וּ</w>
        <w>לְ/בָרוֹת֙</w>
        <w>לָ֔/מוֹ</w>
        <w>בְּ/שֶׁ֖בֶר</w>
        <w>בַּת־</w>
        <w>עַמִּֽ/י׃</w>
        <samekh/>
      </v>
      <v n="11">
        <w>כִּלָּ֤ה</w>
        <w>יְהוָה֙</w>
        <w>אֶת־</w>
        <w>חֲמָת֔/וֹ</w>
        <w>שָׁפַ֖ךְ</w>
        <w>חֲר֣וֹן</w>
        <w>אַפּ֑/וֹ</w>
        <w>וַ/יַּצֶּת־</w>
        <w>אֵ֣שׁ</w>
        <w>בְּ/צִיּ֔וֹן</w>
        <w>וַ/תֹּ֖אכַל</w>
        <w>יְסוֹדֹתֶֽי/הָ׃</w>
        <samekh/>
      </v>
      <v n="12">
        <w>לֹ֤א</w>
        <w>הֶאֱמִ֙ינוּ֙</w>
        <w>מַלְכֵי־</w>
        <w>אֶ֔רֶץ</w>
        <k>ו/כל</k>
        <q>כֹּ֖ל</q>
        <w>יֹשְׁבֵ֣י</w>
        <w>תֵבֵ֑ל</w>
        <w>כִּ֤י</w>
        <w>יָבֹא֙</w>
        <w>צַ֣ר</w>
        <w>וְ/אוֹיֵ֔ב</w>
        <w>בְּ/שַׁעֲרֵ֖י</w>
        <w>יְרוּשָׁלִָֽם׃</w>
        <samekh/>
      </v>
      <v n="13">
        <w>מֵֽ/חַטֹּ֣את</w>
        <w>נְבִיאֶ֔י/הָ</w>
        <w>עֲוֺנ֖וֹת</w>
        <w>כֹּהֲנֶ֑י/הָ</w>
        <w>הַ/שֹּׁפְכִ֥ים</w>
        <w>בְּ/קִרְבָּ֖/הּ</w>
        <w>דַּ֥ם</w>
        <w>צַדִּיקִֽים׃</w>
        <samekh/>
      </v>
      <v n="14">
        <w>נָע֤וּ</w>
        <w>עִוְרִים֙</w>
        <w>בַּֽ/חוּצ֔וֹת</w>
        <w>נְגֹֽאֲל֖וּ</w>
        <w>בַּ/דָּ֑ם</w>
        <w>בְּ/לֹ֣א</w>
        <w>יֽוּכְל֔וּ</w>
        <w>יִגְּע֖וּ</w>
        <w>בִּ/לְבֻשֵׁי/הֶֽם׃</w>
        <samekh/>
      </v>
      <v n="15">
        <w>ס֣וּרוּ</w>
        <w>טָמֵ֞א</w>
        <w>קָ֣רְאוּ</w>
        <w>לָ֗/מוֹ</w>
        <w>ס֤וּרוּ</w>
        <w>ס֙וּרוּ֙</w>
        <w>אַל־</w>
        <w>תִּגָּ֔עוּ</w>
        <w>כִּ֥י</w>
        <w>נָצ֖וּ</w>
        <w>גַּם־</w>
        <w>נָ֑עוּ</w>
        <w>אָֽמְרוּ֙</w>
        <w>בַּ/גּוֹיִ֔ם</w>
        <w>לֹ֥א</w>
        <w>יוֹסִ֖יפוּ</w>
        <w>לָ/גֽוּר׃</w>
        <samekh/>
      </v>
      <v n="16">
        <w>פְּנֵ֤י</w>
        <w>יְהוָה֙</w>
        <w>חִלְּקָ֔/ם</w>
        <w>לֹ֥א</w>
        <w>יוֹסִ֖יף</w>
        <w>לְ/הַבִּיטָ֑/ם</w>
        <w>פְּנֵ֤י</w>
        <w>כֹהֲנִים֙</w>
        <w>לֹ֣א</w>
        <w>נָשָׂ֔אוּ</w>
        <k>זקנים</k>
        <q>וּ/זְקֵנִ֖ים<x>a</x></q>
        <w>לֹ֥א</w>
        <w>חָנָֽנוּ׃</w>
        <samekh/>
      </v>
      <v n="17">
        <k>עוד/ינה</k>
        <q>עוֹדֵ֙י/נוּ֙</q>
        <w>תִּכְלֶ֣ינָה</w>
        <w>עֵינֵ֔י/נוּ</w>
        <w>אֶל־</w>
        <w>עֶזְרָתֵ֖/נוּ</w>
        <w>הָ֑בֶל</w>
        <w>בְּ/צִפִּיָּתֵ֣/נוּ</w>
        <w>צִפִּ֔ינוּ</w>
        <w>אֶל־</w>
        <w>גּ֖וֹי</w>
        <w>לֹ֥א</w>
        <w>יוֹשִֽׁעַ׃</w>
        <samekh/>
      </v>
      <v n="18">
        <w>צָד֣וּ</w>
        <w>צְעָדֵ֔י/נוּ</w>
        <w>מִ/לֶּ֖כֶת</w>
        <w>בִּ/רְחֹבֹתֵ֑י/נוּ</w>
        <w>קָרַ֥ב</w>
        <w>קִצֵּ֛י/נוּ</w>
        <w>מָלְא֥וּ</w>
        <w>יָמֵ֖י/נוּ</w>
        <w>כִּי־</w>
        <w>בָ֥א</w>
        <w>קִצֵּֽי/נוּ׃</w>
        <samekh/>
      </v>
      <v n="19">
        <w>קַלִּ֤ים</w>
        <w>הָיוּ֙</w>
        <w>רֹדְפֵ֔י/נוּ</w>
        <w>מִ/נִּשְׁרֵ֖י</w>
        <w>שָׁמָ֑יִם</w>
        <w>עַל־</w>
        <w>הֶ/הָרִ֣ים</w>
        <w>דְּלָקֻ֔/נוּ</w>
        <w>בַּ/מִּדְבָּ֖ר</w>
        <w>אָ֥רְבוּ</w>
        <w>לָֽ/נוּ׃</w>
        <samekh/>
      </v>
      <v n="20">
        <w>ר֤וּחַ</w>
        <w>אַפֵּ֙י/נוּ֙</w>
        <w>מְשִׁ֣יחַ</w>
        <w>יְהוָ֔ה</w>
        <w>נִלְכַּ֖ד</w>
        <w>בִּ/שְׁחִיתוֹתָ֑/ם</w>
        <w>אֲשֶׁ֣ר</w>
        <w>אָמַ֔רְנוּ</w>
        <w>בְּ/צִלּ֖/וֹ</w>
        <w>נִֽחְיֶ֥ה</w>
        <w>בַ/גּוֹיִֽם׃</w>
        <samekh/>
      </v>
      <v n="21">
        <w>שִׂ֤ישִׂי</w>
        <w>וְ/שִׂמְחִי֙</w>
        <w>בַּת־</w>
        <w>אֱד֔וֹם</w>
        <k>יושבתי</k>
        <q>יוֹשֶׁ֖בֶת</q>
        <w>בְּ/אֶ֣רֶץ</w>
        <w>ע֑וּץ</w>
        <w>גַּם־</w>
        <w>עָלַ֙יִ/ךְ֙</w>
        <w>תַּעֲבָר־</w>
        <w>כּ֔וֹס</w>
        <w>תִּשְׁכְּרִ֖י</w>
        <w>וְ/תִתְעָרִֽי׃</w>
        <samekh/>
      </v>
      <v n="22">
        <w>תַּם־</w>
        <w>עֲוֺנֵ/ךְ֙</w>
        <w>בַּת־</w>
        <w>צִיּ֔וֹן</w>
        <w>לֹ֥א</w>
        <w>יוֹסִ֖יף</w>
        <w>לְ/הַגְלוֹתֵ֑/ךְ</w>
        <w>פָּקַ֤ד</w>
        <w>עֲוֺנֵ/ךְ֙</w>
        <w>בַּת־</w>
        <w>אֱד֔וֹם</w>
        <w>גִּלָּ֖ה</w>
        <w>עַל־</w>
        <w>חַטֹּאתָֽיִ/ךְ׃</w>
        <pe/>
      </v>
      <vs>22</vs>
    </c>
    <c n="5">
      <v n="1">
        <w>זְכֹ֤ר</w>
        <w>יְהוָה֙</w>
        <w>מֶֽה־</w>
        <w>הָ֣יָה</w>
        <w>לָ֔/נוּ</w>
        <k>הביט</k>
        <q>הַבִּ֖יטָ/ה</q>
        <w>וּ/רְאֵ֥ה</w>
        <w>אֶת־</w>
        <w>חֶרְפָּתֵֽ/נוּ׃</w>
      </v>
      <v n="2">
        <w>נַחֲלָתֵ֙/נוּ֙</w>
        <w>נֶֽהֶפְכָ֣ה</w>
        <w>לְ/זָרִ֔ים</w>
        <w>בָּתֵּ֖י/נוּ</w>
        <w>לְ/נָכְרִֽים׃</w>
      </v>
      <v n="3">
        <w>יְתוֹמִ֤ים</w>
        <w>הָיִ֙ינוּ֙</w>
        <k>אין</k>
        <q>וְ/אֵ֣ין</q>
        <w>אָ֔ב</w>
        <w>אִמֹּתֵ֖י/נוּ</w>
        <w>כְּ/אַלְמָנֽוֹת׃</w>
      </v>
      <v n="4">
        <w>מֵימֵ֙י/נוּ֙</w>
        <w>בְּ/כֶ֣סֶף</w>
        <w>שָׁתִ֔ינוּ</w>
        <w>עֵצֵ֖י/נוּ</w>
        <w>בִּ/מְחִ֥יר</w>
        <w>יָבֹֽאוּ׃</w>
      </v>
      <v n="5">
        <w>עַ֤ל</w>
        <w>צַוָּארֵ֙/נוּ֙</w>
        <w>נִרְדָּ֔פְנוּ</w>
        <w>יָגַ֖עְנוּ</w>
        <k>לא</k>
        <q>וְ/לֹ֥א</q>
        <w>הֽוּנַ֖ח<x>Q</x><x>c</x><x>p</x></w>
        <w>לָֽ/נוּ׃</w>
      </v>
      <v n="6">
        <w>מִצְרַ֙יִם֙</w>
        <w>נָתַ֣נּוּ</w>
        <w>יָ֔ד</w>
        <w>אַשּׁ֖וּר</w>
        <w>לִ/שְׂבֹּ֥עַֽ</w>
        <w>לָֽחֶם׃</w>
      </v>
      <v n="7">
        <w>אֲבֹתֵ֤י/נוּ</w>
        <w>חָֽטְאוּ֙</w>
        <k>אינ/ם</k>
        <q>וְ/אֵינָ֔/ם</q>
        <k>אנחנו</k>
        <q>וַ/אֲנַ֖חְנוּ</q>
        <w>עֲוֺנֹתֵי/הֶ֥ם</w>
        <w>סָבָֽלְנוּ׃</w>
      </v>
      <v n="8">
        <w>עֲבָדִים֙</w>
        <w>מָ֣שְׁלוּ</w>
        <w>בָ֔/נוּ</w>
        <w>פֹּרֵ֖ק</w>
        <w>אֵ֥ין</w>
        <w>מִ/יָּדָֽ/ם׃</w>
      </v>
      <v n="9">
        <w>בְּ/נַפְשֵׁ֙/נוּ֙</w>
        <w>נָבִ֣יא</w>
        <w>לַחְמֵ֔/נוּ</w>
        <w>מִ/פְּנֵ֖י</w>
        <w>חֶ֥רֶב</w>
        <w>הַ/מִּדְבָּֽר׃</w>
      </v>
      <v n="10">
        <w>עוֹרֵ֙/נוּ֙</w>
        <w>כְּ/תַנּ֣וּר</w>
        <w>נִכְמָ֔רוּ</w>
        <w>מִ/פְּנֵ֖י</w>
        <w>זַלְעֲפ֥וֹת</w>
        <w>רָעָֽב׃</w>
      </v>
      <v n="11">
        <w>נָשִׁים֙</w>
        <w>בְּ/צִיּ֣וֹן</w>
        <w>עִנּ֔וּ</w>
        <w>בְּתֻלֹ֖ת</w>
        <w>בְּ/עָרֵ֥י</w>
        <w>יְהוּדָֽה׃</w>
      </v>
      <v n="12">
        <w>שָׂרִים֙</w>
        <w>בְּ/יָדָ֣/ם</w>
        <w>נִתְל֔וּ</w>
        <w>פְּנֵ֥י</w>
        <w>זְקֵנִ֖ים</w>
        <w>לֹ֥א</w>
        <w>נֶהְדָּֽרוּ׃</w>
      </v>
      <v n="13">
        <w>בַּחוּרִים֙</w>
        <w>טְח֣וֹן</w>
        <w>נָשָׂ֔אוּ</w>
        <w>וּ/נְעָרִ֖ים</w>
        <w>בָּ/עֵ֥ץ</w>
        <w>כָּשָֽׁלוּ׃</w>
      </v>
      <v n="14">
        <w>זְקֵנִים֙</w>
        <w>מִ/שַּׁ֣עַר</w>
        <w>שָׁבָ֔תוּ</w>
        <w>בַּחוּרִ֖ים</w>
        <w>מִ/נְּגִינָתָֽ/ם׃</w>
      </v>
      <v n="15">
        <w>שָׁבַת֙</w>
        <w>מְשׂ֣וֹשׂ</w>
        <w>לִבֵּ֔/נוּ</w>
        <w>נֶהְפַּ֥ךְ</w>
        <w>לְ/אֵ֖בֶל</w>
        <w>מְחֹלֵֽ/נוּ׃</w>
      </v>
      <v n="16">
        <w>נָֽפְלָה֙</w>
        <w>עֲטֶ֣רֶת</w>
        <w>רֹאשֵׁ֔/נוּ</w>
        <w>אֽוֹי־</w>
        <w>נָ֥א</w>
        <w>לָ֖/נוּ</w>
        <w>כִּ֥י</w>
        <w>חָטָֽאנוּ׃</w>
      </v>
      <v n="17">
        <w>עַל־</w>
        <w>זֶ֗ה</w>
        <w>הָיָ֤ה</w>
        <w>דָוֶה֙</w>
        <w>לִבֵּ֔/נוּ</w>
        <w>עַל־</w>
        <w>אֵ֖לֶּה</w>
        <w>חָשְׁכ֥וּ</w>
        <w>עֵינֵֽי/נוּ׃</w>
      </v>
      <v n="18">
        <w>עַ֤ל</w>
        <w>הַר־</w>
        <w>צִיּוֹן֙</w>
        <w>שֶׁ/שָּׁמֵ֔ם</w>
        <w>שׁוּעָלִ֖ים</w>
        <w>הִלְּכוּ־</w>
        <w>בֽ/וֹ׃</w>
        <pe/>
      </v>
      <v n="19">
        <w>אַתָּ֤ה</w>
        <w>יְהוָה֙</w>
        <w>לְ/עוֹלָ֣ם</w>
        <w>תֵּשֵׁ֔ב</w>
        <w>כִּסְאֲ/ךָ֖</w>
        <w>לְ/דֹ֥ר</w>
        <w>וָ/דֽוֹר׃</w>
      </v>
      <v n="20">
        <w>לָ֤/מָּה</w>
        <w>לָ/נֶ֙צַח֙</w>
        <w>תִּשְׁכָּחֵ֔/נוּ</w>
        <w>תַּֽעַזְבֵ֖/נוּ</w>
        <w>לְ/אֹ֥רֶךְ</w>
        <w>יָמִֽים׃</w>
      </v>
      <v n="21">
        <w>הֲשִׁיבֵ֨/נוּ</w>
        <w>יְהוָ֤ה ׀</w>
        <w>אֵלֶ֙י/ךָ֙</w>
        <k>ו/נשוב</k>
        <q>וְֽ/נָשׁ֔וּבָה</q>
        <w>חַדֵּ֥שׁ</w>
        <w>יָמֵ֖י/נוּ</w>
        <w>כְּ/קֶֽדֶם׃</w>
      </v>
      <v n="22">
        <w>כִּ֚י</w>
        <w>אִם־</w>
        <w>מָאֹ֣ס</w>
        <w>מְאַסְתָּ֔/נוּ</w>
        <w>קָצַ֥פְתָּ</w>
        <w>עָלֵ֖י/נוּ</w>
        <w>עַד־</w>
        <w>מְאֹֽד׃</w>
      </v>
      <vs>22</vs>
    </c>
    <vs>154</vs>
    <cs>5</cs>
  </book>
</tanach>
<notes>
  <note>
    <code>1</code>
    <gccode>1</gccode>
    <note>BHS has been faithful to the Leningrad Codex where there might be a question of the validity of the form and we keep the same form as BHS. </note>
  </note>
  <note>
    <code>2</code>
    <gccode>4</gccode>
    <note>Puncta extraordinaria -- a \u05c4 is used to mark such marks in the text when they are above the line and a \u05c5 when they are below the line. </note>
  </note>
  <note>
    <code>3</code>
    <gccode>5</gccode>
    <note>Large letter(s). Shown as large letters without a superscript note number. </note>
  </note>
  <note>
    <code>4</code>
    <gccode>6</gccode>
    <note>Small letter(s). Shown as small letters without a superscript note number. </note>
  </note>
  <note>
    <code>5</code>
    <gccode>7</gccode>
    <note>Suspended letter(s). Shown as suspended letters without a superscript note number. </note>
  </note>
  <note>
    <code>6</code>
    <gccode>8</gccode>
    <note>Inverted nun in the text. </note>
  </note>
  <note>
    <code>7</code>
    <gccode>a</gccode>
    <note>Adaptations to a Qere which L and BHS, by their design, do not indicate. </note>
  </note>
  <note>
    <code>8</code>
    <gccode>c</gccode>
    <note>We read one or more accents in L differently than BHS. Often this notation indicates a typographical error in BHS. </note>
  </note>
  <note>
    <code>9</code>
    <gccode>k</gccode>
    <note>We read one or more consonants in L differently from BHS. </note>
  </note>
  <note>
    <code>10</code>
    <gccode>n</gccode>
    <note>Marks an anomalous form. </note>
  </note>
  <note>
    <code>11</code>
    <gccode>p</gccode>
    <note>We read punctuation in L differently from BHS. </note>
  </note>
  <note>
    <code>12</code>
    <gccode>q</gccode>
    <note>We have abandoned or added a ketib/qere relative to BHS. In doing this we agree with L against BHS. </note>
  </note>
  <note>
    <code>13</code>
    <gccode>v</gccode>
    <note>We read one or more vowels in L differently from BHS. </note>
  </note>
  <note>
    <code>14</code>
    <gccode>y</gccode>
    <note>Yathir readings in L which we have designated as Qeres when both Dothan and BHS list a Qere. </note>
  </note>
  <note>
    <code>15</code>
    <gccode>C</gccode>
    <note>We read one or more accents in L differently from BHQ. </note>
  </note>
  <note>
    <code>16</code>
    <gccode>F</gccode>
    <note>Marks a consonant with an anomalous final form that is word-medial.</note>
  </note>
  <note>
    <code>17</code>
    <gccode>K</gccode>
    <note>We read one or more consonants in L differently from BHQ. </note>
  </note>
  <note>
    <code>18</code>
    <gccode>M</gccode>
    <note>Marks a word with a final consonant that is a medial (not a final) form. </note>
  </note>
  <note>
    <code>19</code>
    <gccode>P</gccode>
    <note>We read the punctuation in L differently from BHQ. </note>
  </note>
  <note>
    <code>20</code>
    <gccode>Q</gccode>
    <note>Marks a place where we agree with BHQ against BHS in reading L. </note>
  </note>
  <note>
    <code>21</code>
    <gccode>U</gccode>
    <note>We agree with both BHS 1997 and BHQ on an unexpected reading. </note>
  </note>
  <note>
    <code>22</code>
    <gccode>V</gccode>
    <note>We read one or more vowels in L differently from BHQ. </note>
  </note>
</notes>
</Tanach>