<?xml version = "1.0" encoding="UTF-8"?>
<!-- Copyright C.V.Kimball 2013 -->
<Tanach xmlns:xsi="http://www.w3.org/2001/XMLSchema-instance" xsi:noNamespaceSchemaLocation ="../XSL/Tanach.xsd">
<teiHeader>
  <fileDesc>
    <titleStmt>
      <title level="s"  type="uniform">Tanach</title>
      <title level="s"  type="uniformhebrew">תנ״ך</title>
      <title level="s"  type="main">Unicode/XML Westminster Leningrad Codex</title>
      <title level="a"  type="main">Micah</title>
      <title level="a"  type="mainhebrew">מיכה</title>
      <title level="a"  type="filename">Micah</title>
      <editor>Shemu'el ben Ya'akov</editor>
      <editor>Aharon ben-Mosheh ben-Asher</editor>
      <respStmt>
        <resp>Active maintenance of machine-readable version:</resp>
        <name>Stephen K. Salisbury</name>
        <name type="position">Editor</name>
        <name type="email">steve@grovescenter.org</name>
        <name type="org">J. Alan Groves Center for Advanced Biblical Research</name>
      </respStmt>
      <respStmt>
        <resp>Transcription to Unicode/XML:</resp>
        <name>Christopher V. Kimball</name>
        <name type="email">transcriber@tanach.us</name>
      </respStmt>
    </titleStmt>
    <editionStmt>
      <edition>Unicode/XML Westminster Leningrad Codex
        <version>4.20</version>
        <date>30 Jan 2016</date>
      </edition>
      <respStmt>
        <resp>Transcribed by WLC2XML of 28 July 2016 at 03 Aug 2016 @ 11:52.45. Build number: 25.1.</resp>
      </respStmt>
    </editionStmt>
    <extent>    61,221 bytes</extent>
    <publicationStmt>
      <authority>Transcription permitted:
        <name>Kirk Lowery</name>
        <name type="email">kirk@grovescenter.org</name>
        <name type="org">J. Alan Groves Center for Advanced Biblical Research</name>
        <date>15 June 2010 11:49 AM</date>
      </authority>
      <distributor>Via web site:
        <name>Christopher V. Kimball</name>
        <name type="url">http://www.tanach.us/Tanach.xml</name>
        <name type="email">transcriber@tanach.us</name>
      </distributor>
      <availability status="free">Freely available</availability>
    </publicationStmt>
    <notesStmt>
      <note>From the electronic version of the Leningrad Codex maintained by the J. Alan Groves Center for Advanced Biblical Research.</note>
      <note>This text began as an electronic transcription by Richard Whitaker (Princeton Seminary, New Jersey) and H. van Parunak (then at the University of Michigan, Ann Arbor) of the 1983 printed edition of Biblia Hebraica Stuttgartensia (BHS). It was continued with the cooperation of Robert Kraft (University of Pennsylvania) and Emmanuel Tov (Hebrew University, Jerusalem), and completed by Alan Groves (Westminster Theological Seminary).  The transcription was called the Michigan-Claremont-Westminster electronic Hebrew Bible and was archived at the Oxford Text Archive (OTA) in 1987. It has been variously known as the "CCAT" or "eBHS" text. Since that time, the text has been modified in many hundreds of places to conform to the photo-facsimile of the Leningrad Codex, Firkovich B19A, residing at the Russian National Library, St. Petersberg; hence the change of name.</note>
      <note>The J. Alan Groves Center for Advanced Biblical Research has continued to scrutinize and correct this electronic text as a part of its continuing work of building morphology and syntax databases of the Hebrew Bible, since correct linguistic analysis requires an accurate text.</note>
      <note>Vocalized ketib variants are no longer included as they are not part of the original manuscript.</note>
      <note>The only changes to the J. Alan Groves Center for Advanced Biblical Research text by the transcriber are: The book names in English and Hebrew of the Jewish Publication Society Tanach and book abbreviations from the New Revised Standard Version have been added. Six transcription notes (5,7,10) have been moved to the noted character (Lev 11:42.4, Judg 18:30.11, Isa 9.6.1, Ps 80:14.3, Job 38:13.5, Job 38:15.2) </note>
    </notesStmt>
    <sourceDesc>
      <biblItem>
        <title>Hebrew Bible</title>
        <title>Leningrad Codex</title>
        <editor>Shemu'el ben Ya'akov</editor>
        <editor>Aharon ben-Mosheh ben-Asher</editor>
        <edition>Original document</edition>
        <imprint>
          <publisher>Russian National Library (Saltykov-Shchedrin)</publisher>
          <pubPlace>St. Petersburg (Leningrad)</pubPlace>
          <date>1008</date>
        </imprint>
        <idno>Firkovich B 19 A</idno>
      </biblItem>
      <biblItem>
        <title>Biblia Hebraica Stuttgartensia</title>
        <editor>Kittel, Rudolf, 1853-1929</editor>
        <editor>Alt, Albrecht, 1883-1956</editor>
        <editor>Eissfeldt, Otto, 1887-1973</editor>
        <editor>Kahle, Paul, 1875-1964</editor>
        <editor>Elliger, Karl, 1901-1977</editor>
        <editor>Rudolph, Wilhelm, 1891-1987</editor>
        <edition>Fourth</edition>
        <imprint>
          <publisher>Deutsche Bibelstiftung</publisher>
          <pubPlace>Stuttgart</pubPlace>
          <date>1983</date>
        </imprint>
        <idno type="IBSN">3-43805218-0</idno>
      </biblItem>
      <biblItem>
        <title type="uniform">Bible. O.T. Hebrew</title>
        <title type="main">Biblia Hebraica Stuttgartensia [Electronic resource] : (Michigan-Claremont text)</title>
        <editor>Kittel, Rudolf, 1853-1929</editor>
        <editor>Alt, Albrecht, 1883-1956</editor>
        <editor>Eissfeldt, Otto, 1887-1973</editor>
        <editor>Kahle, Paul, 1875-1964</editor>
        <editor>Elliger, Karl, 1901-1977</editor>
        <editor>Rudolph, Wilhelm, 1891-1987</editor>
        <respStmt>
          <resp>Creation of machine-readable version:</resp>
          <name>Whitaker, Richard E.</name>
          <name>Parunak, H. Van Dyke</name>
          <name>Kraft, Robert A</name>
        </respStmt>
        <edition>Rev. ed. / Computer Assisted Tools for Septuagint Studies (Project)</edition>
        <imprint>
          <publisher>Oxford Text Archive</publisher>
          <pubPlace>Oxford</pubPlace>
          <date>1987-02-07</date>
        </imprint>
        <idno type="ota">bibl0525</idno>
      </biblItem>
      <biblItem>
        <title>The Leningrad Codex - A Facsimile Edition</title>
        <editor>Freedman, David Noel</editor>
        <editor>Beck, Astrid B.</editor>
        <edition>First</edition>
        <imprint>
          <publisher>Wm. B. Eerdmans Publishing Co.</publisher>
          <pubPlace>Grand Rapids, MI</pubPlace>
          <date>1998</date>
        </imprint>
        <idno type="IBSN">0-8028-3786-7</idno>
      </biblItem>
    </sourceDesc>
  </fileDesc>
  <encodingDesc>
  </encodingDesc>
  <profileDesc>
    <creation>Input text file wlc420_ps.txt provided by the J. Alan Groves Center for Advanced 
Biblical Research. The file has the MD5 hash: d31a 6a6e 9afa bf82 272c 2efb 0522 a12e 
and was received on 30 Jan 2016. The WLC text file has been modified by the 
transcriber to move transcription notes closer to the relevant character in 
exactly six (6) places. The modified file, wlc_4.20_ps_td.txt, has the following 
SHA-1 hash: A0F7 90CB 55CB FD98 D965 A3B3 4743 2914 2674 3F23 . 
      <date>03 Aug 2016</date>
    </creation>
    <langUsage>
      <language ident="HE">Hebrew</language>
    </langUsage>
  </profileDesc>
</teiHeader>
<tanach>
  <book>
    <names>
      <name>Micah</name>
      <abbrev>Mic</abbrev>
      <number>20</number>
      <filename>Micah</filename>
      <hebrewname>מיכה</hebrewname>
    </names>
    <c n="1">
      <v n="1">
        <w>דְּבַר־</w>
        <w>יְהוָ֣ה ׀</w>
        <w>אֲשֶׁ֣ר</w>
        <w>הָיָ֗ה</w>
        <w>אֶל־</w>
        <w>מִיכָה֙</w>
        <w>הַ/מֹּ֣רַשְׁתִּ֔י</w>
        <w>בִּ/ימֵ֥י</w>
        <w>יוֹתָ֛ם</w>
        <w>אָחָ֥ז</w>
        <w>יְחִזְקִיָּ֖ה</w>
        <w>מַלְכֵ֣י</w>
        <w>יְהוּדָ֑ה</w>
        <w>אֲשֶׁר־</w>
        <w>חָזָ֥ה</w>
        <w>עַל־</w>
        <w>שֹׁמְר֖וֹן</w>
        <w>וִ/ירֽוּשָׁלִָֽם׃</w>
      </v>
      <v n="2">
        <w>שִׁמְעוּ֙</w>
        <w>עַמִּ֣ים</w>
        <w>כֻּלָּ֔/ם</w>
        <w>הַקְשִׁ֖יבִי</w>
        <w>אֶ֣רֶץ</w>
        <w>וּ/מְלֹאָ֑/הּ</w>
        <w>וִ/יהִי֩</w>
        <w>אֲדֹנָ֨/י</w>
        <w>יְהוִ֤ה</w>
        <w>בָּ/כֶם֙</w>
        <w>לְ/עֵ֔ד</w>
        <w>אֲדֹנָ֖/י</w>
        <w>מֵ/הֵיכַ֥ל</w>
        <w>קָדְשֽׁ/וֹ׃</w>
      </v>
      <v n="3">
        <w>כִּֽי־</w>
        <w>הִנֵּ֥ה</w>
        <w>יְהוָ֖ה</w>
        <w>יֹצֵ֣א</w>
        <w>מִ/מְּקוֹמ֑/וֹ</w>
        <w>וְ/יָרַ֥ד</w>
        <w>וְ/דָרַ֖ךְ</w>
        <w>עַל־</w>
        <k>במותי</k>
        <q>בָּ֥מֳתֵי</q>
        <w>אָֽרֶץ׃</w>
      </v>
      <v n="4">
        <w>וְ/נָמַ֤סּוּ</w>
        <w>הֶֽ/הָרִים֙</w>
        <w>תַּחְתָּ֔י/ו</w>
        <w>וְ/הָ/עֲמָקִ֖ים</w>
        <w>יִתְבַּקָּ֑עוּ</w>
        <w>כַּ/דּוֹנַג֙</w>
        <w>מִ/פְּנֵ֣י</w>
        <w>הָ/אֵ֔שׁ</w>
        <w>כְּ/מַ֖יִם</w>
        <w>מֻגָּרִ֥ים</w>
        <w>בְּ/מוֹרָֽד׃</w>
      </v>
      <v n="5">
        <w>בְּ/פֶ֤שַׁע</w>
        <w>יַֽעֲקֹב֙</w>
        <w>כָּל־</w>
        <w>זֹ֔את</w>
        <w>וּ/בְ/חַטֹּ֖אות</w>
        <w>בֵּ֣ית</w>
        <w>יִשְׂרָאֵ֑ל</w>
        <w>מִֽי־</w>
        <w>פֶ֣שַׁע</w>
        <w>יַעֲקֹ֗ב</w>
        <w>הֲ/לוֹא֙</w>
        <w>שֹֽׁמְר֔וֹן</w>
        <w>וּ/מִי֙</w>
        <w>בָּמ֣וֹת</w>
        <w>יְהוּדָ֔ה</w>
        <w>הֲ/ל֖וֹא</w>
        <w>יְרוּשָׁלִָֽם׃</w>
      </v>
      <v n="6">
        <w>וְ/שַׂמְתִּ֥י</w>
        <w>שֹׁמְר֛וֹן</w>
        <w>לְ/עִ֥י</w>
        <w>הַ/שָּׂדֶ֖ה</w>
        <w>לְ/מַטָּ֣עֵי</w>
        <w>כָ֑רֶם</w>
        <w>וְ/הִגַּרְתִּ֤י</w>
        <w>לַ/גַּי֙</w>
        <w>אֲבָנֶ֔י/הָ</w>
        <w>וִ/יסֹדֶ֖י/הָ</w>
        <w>אֲגַלֶּֽה׃</w>
      </v>
      <v n="7">
        <w>וְ/כָל־</w>
        <w>פְּסִילֶ֣י/הָ</w>
        <w>יֻכַּ֗תּוּ</w>
        <w>וְ/כָל־</w>
        <w>אֶתְנַנֶּ֙י/הָ֙</w>
        <w>יִשָּׂרְפ֣וּ</w>
        <w>בָ/אֵ֔שׁ</w>
        <w>וְ/כָל־</w>
        <w>עֲצַבֶּ֖י/הָ</w>
        <w>אָשִׂ֣ים</w>
        <w>שְׁמָמָ֑ה</w>
        <w>כִּ֠י</w>
        <w>מֵ/אֶתְנַ֤ן</w>
        <w>זוֹנָה֙</w>
        <w>קִבָּ֔צָה</w>
        <w>וְ/עַד־</w>
        <w>אֶתְנַ֥ן</w>
        <w>זוֹנָ֖ה</w>
        <w>יָשֽׁוּבוּ׃</w>
      </v>
      <v n="8">
        <w>עַל־</w>
        <w>זֹאת֙</w>
        <w>אֶסְפְּדָ֣ה</w>
        <w>וְ/אֵילִ֔ילָה</w>
        <w>אֵילְכָ֥ה</w>
        <k>שילל</k>
        <q>שׁוֹלָ֖ל</q>
        <w>וְ/עָר֑וֹם</w>
        <w>אֶעֱשֶׂ֤ה</w>
        <w>מִסְפֵּד֙</w>
        <w>כַּ/תַּנִּ֔ים</w>
        <w>וְ/אֵ֖בֶל</w>
        <w>כִּ/בְנ֥וֹת</w>
        <w>יַעֲנָֽה׃</w>
      </v>
      <v n="9">
        <w>כִּ֥י</w>
        <w>אֲנוּשָׁ֖ה</w>
        <w>מַכּוֹתֶ֑י/הָ</w>
        <w>כִּי־</w>
        <w>בָ֙אָה֙</w>
        <w>עַד־</w>
        <w>יְהוּדָ֔ה</w>
        <w>נָגַ֛ע</w>
        <w>עַד־</w>
        <w>שַׁ֥עַר</w>
        <w>עַמִּ֖/י</w>
        <w>עַד־</w>
        <w>יְרוּשָׁלִָֽם׃</w>
      </v>
      <v n="10">
        <w>בְּ/גַת֙</w>
        <w>אַל־</w>
        <w>תַּגִּ֔ידוּ</w>
        <w>בָּכ֖וֹ</w>
        <w>אַל־</w>
        <w>תִּבְכּ֑וּ</w>
        <w>בְּ/בֵ֣ית</w>
        <w>לְעַפְרָ֔ה</w>
        <w>עָפָ֖ר</w>
        <k>התפלשתי</k>
        <q>הִתְפַּלָּֽשִׁי׃</q>
      </v>
      <v n="11">
        <w>עִבְרִ֥י</w>
        <w>לָ/כֶ֛ם</w>
        <w>יוֹשֶׁ֥בֶת</w>
        <w>שָׁפִ֖יר</w>
        <w>עֶרְיָה־</w>
        <w>בֹ֑שֶׁת</w>
        <w>לֹ֤א</w>
        <w>יָֽצְאָה֙</w>
        <w>יוֹשֶׁ֣בֶת</w>
        <w>צַֽאֲנָ֔ן</w>
        <w>מִסְפַּד֙</w>
        <w>בֵּ֣ית</w>
        <w>הָאֵ֔צֶל</w>
        <w>יִקַּ֥ח</w>
        <w>מִ/כֶּ֖ם</w>
        <w>עֶמְדָּתֽ/וֹ׃</w>
      </v>
      <v n="12">
        <w>כִּֽי־</w>
        <w>חָ֥לָֽה</w>
        <w>לְ/ט֖וֹב</w>
        <w>יוֹשֶׁ֣בֶת</w>
        <w>מָר֑וֹת</w>
        <w>כִּֽי־</w>
        <w>יָ֤רַד</w>
        <w>רָע֙</w>
        <w>מֵ/אֵ֣ת</w>
        <w>יְהוָ֔ה</w>
        <w>לְ/שַׁ֖עַר</w>
        <w>יְרוּשָׁלִָֽם׃</w>
      </v>
      <v n="13">
        <w>רְתֹ֧ם</w>
        <w>הַ/מֶּרְכָּבָ֛ה</w>
        <w>לָ/רֶ֖כֶשׁ</w>
        <w>יוֹשֶׁ֣בֶת</w>
        <w>לָכִ֑ישׁ</w>
        <w>רֵאשִׁ֨ית</w>
        <w>חַטָּ֥את</w>
        <w>הִיא֙</w>
        <w>לְ/בַת־</w>
        <w>צִיּ֔וֹן</w>
        <w>כִּי־</w>
        <w>בָ֥/ךְ</w>
        <w>נִמְצְא֖וּ</w>
        <w>פִּשְׁעֵ֥י</w>
        <w>יִשְׂרָאֵֽל׃</w>
      </v>
      <v n="14">
        <w>לָ/כֵן֙</w>
        <w>תִּתְּנִ֣י</w>
        <w>שִׁלּוּחִ֔ים</w>
        <w>עַ֖ל</w>
        <w>מוֹרֶ֣שֶׁת</w>
        <w>גַּ֑ת</w>
        <w>בָּתֵּ֤י</w>
        <w>אַכְזִיב֙</w>
        <w>לְ/אַכְזָ֔ב</w>
        <w>לְ/מַלְכֵ֖י</w>
        <w>יִשְׂרָאֵֽל׃</w>
      </v>
      <v n="15">
        <w>עֹ֗ד</w>
        <w>הַ/יֹּרֵשׁ֙</w>
        <w>אָ֣בִי</w>
        <w>לָ֔/ךְ</w>
        <w>יוֹשֶׁ֖בֶת</w>
        <w>מָֽרֵשָׁ֑ה</w>
        <w>עַד־</w>
        <w>עֲדֻּלָּ֥ם<x>Q</x><x>n</x><x>p</x></w>
        <w>יָב֖וֹא</w>
        <w>כְּב֥וֹד</w>
        <w>יִשְׂרָאֵֽל׃</w>
      </v>
      <v n="16">
        <w>קָרְחִ֣י</w>
        <w>וָ/גֹ֔זִּי</w>
        <w>עַל־</w>
        <w>בְּנֵ֖י</w>
        <w>תַּעֲנוּגָ֑יִ/ךְ</w>
        <w>הַרְחִ֤בִי</w>
        <w>קָרְחָתֵ/ךְ֙</w>
        <w>כַּ/נֶּ֔שֶׁר</w>
        <w>כִּ֥י</w>
        <w>גָל֖וּ</w>
        <w>מִמֵּֽ/ךְ׃</w>
        <samekh/>
      </v>
      <vs>16</vs>
    </c>
    <c n="2">
      <v n="1">
        <w>ה֧וֹי</w>
        <w>חֹֽשְׁבֵי־</w>
        <w>אָ֛וֶן</w>
        <w>וּ/פֹ֥עֲלֵי</w>
        <w>רָ֖ע</w>
        <w>עַל־</w>
        <w>מִשְׁכְּבוֹתָ֑/ם</w>
        <w>בְּ/א֤וֹר</w>
        <w>הַ/בֹּ֙קֶר֙</w>
        <w>יַעֲשׂ֔וּ/הָ</w>
        <w>כִּ֥י</w>
        <w>יֶשׁ־</w>
        <w>לְ/אֵ֖ל</w>
        <w>יָדָֽ/ם׃</w>
      </v>
      <v n="2">
        <w>וְ/חָמְד֤וּ</w>
        <w>שָׂדוֹת֙</w>
        <w>וְ/גָזָ֔לוּ</w>
        <w>וּ/בָתִּ֖ים</w>
        <w>וְ/נָשָׂ֑אוּ</w>
        <w>וְ/עָֽשְׁקוּ֙</w>
        <w>גֶּ֣בֶר</w>
        <w>וּ/בֵית֔/וֹ</w>
        <w>וְ/אִ֖ישׁ</w>
        <w>וְ/נַחֲלָתֽ/וֹ׃</w>
        <pe/>
      </v>
      <v n="3">
        <w>לָ/כֵ֗ן</w>
        <w>כֹּ֚ה</w>
        <w>אָמַ֣ר</w>
        <w>יְהוָ֔ה</w>
        <w>הִנְ/נִ֥י</w>
        <w>חֹשֵׁ֛ב</w>
        <w>עַל־</w>
        <w>הַ/מִּשְׁפָּחָ֥ה</w>
        <w>הַ/זֹּ֖את</w>
        <w>רָעָ֑ה</w>
        <w>אֲ֠שֶׁר</w>
        <w>לֹֽא־</w>
        <w>תָמִ֨ישׁוּ</w>
        <w>מִ/שָּׁ֜ם</w>
        <w>צַוְּארֹֽתֵי/כֶ֗ם</w>
        <w>וְ/לֹ֤א</w>
        <w>תֵֽלְכוּ֙</w>
        <w>רוֹמָ֔ה</w>
        <w>כִּ֛י</w>
        <w>עֵ֥ת</w>
        <w>רָעָ֖ה</w>
        <w>הִֽיא׃</w>
      </v>
      <v n="4">
        <w>בַּ/יּ֨וֹם</w>
        <w>הַ/ה֜וּא</w>
        <w>יִשָּׂ֧א</w>
        <w>עֲלֵי/כֶ֣ם</w>
        <w>מָשָׁ֗ל</w>
        <w>וְ/נָהָ֨ה</w>
        <w>נְהִ֤י</w>
        <w>נִֽהְיָה֙</w>
        <w>אָמַר֙</w>
        <w>שָׁד֣וֹד</w>
        <w>נְשַׁדֻּ֔נוּ</w>
        <w>חֵ֥לֶק</w>
        <w>עַמִּ֖/י</w>
        <w>יָמִ֑יר</w>
        <w>אֵ֚יךְ</w>
        <w>יָמִ֣ישׁ</w>
        <w>לִ֔/י</w>
        <w>לְ/שׁוֹבֵ֥ב</w>
        <w>שָׂדֵ֖י/נוּ</w>
        <w>יְחַלֵּֽק׃</w>
      </v>
      <v n="5">
        <w>לָ/כֵן֙</w>
        <w>לֹֽא־</w>
        <w>יִֽהְיֶ֣ה</w>
        <w>לְ/ךָ֔</w>
        <w>מַשְׁלִ֥יךְ</w>
        <w>חֶ֖בֶל</w>
        <w>בְּ/גוֹרָ֑ל</w>
        <w>בִּ/קְהַ֖ל</w>
        <w>יְהוָֽה׃</w>
      </v>
      <v n="6">
        <w>אַל־</w>
        <w>תַּטִּ֖פוּ</w>
        <w>יַטִּיפ֑וּ/ן</w>
        <w>לֹֽא־</w>
        <w>יַטִּ֣פוּ</w>
        <w>לָ/אֵ֔לֶּה</w>
        <w>לֹ֥א</w>
        <w>יִסַּ֖ג</w>
        <w>כְּלִמּֽוֹת׃</w>
      </v>
      <v n="7">
        <w>הֶ/אָמ֣וּר</w>
        <w>בֵּֽית־</w>
        <w>יַעֲקֹ֗ב</w>
        <w>הֲ/קָצַר֙</w>
        <w>ר֣וּחַ</w>
        <w>יְהוָ֔ה</w>
        <w>אִם־</w>
        <w>אֵ֖לֶּה</w>
        <w>מַעֲלָלָ֑י/ו</w>
        <w>הֲ/ל֤וֹא</w>
        <w>דְבָרַ֨/י</w>
        <w>יֵיטִ֔יבוּ</w>
        <w>עִ֖ם</w>
        <w>הַ/יָּשָׁ֥ר</w>
        <w>הוֹלֵֽךְ׃</w>
      </v>
      <v n="8">
        <w>וְ/אֶתְמ֗וּל</w>
        <w>עַמִּ/י֙</w>
        <w>לְ/אוֹיֵ֣ב</w>
        <w>יְקוֹמֵ֔ם</w>
        <w>מִ/מּ֣וּל</w>
        <w>שַׂלְמָ֔ה</w>
        <w>אֶ֖דֶר</w>
        <w>תַּפְשִׁט֑וּ/ן</w>
        <w>מֵ/עֹבְרִ֣ים</w>
        <w>בֶּ֔טַח</w>
        <w>שׁוּבֵ֖י</w>
        <w>מִלְחָמָֽה׃</w>
      </v>
      <v n="9">
        <w>נְשֵׁ֤י</w>
        <w>עַמִּ/י֙</w>
        <w>תְּגָ֣רְשׁ֔וּ/ן</w>
        <w>מִ/בֵּ֖ית</w>
        <w>תַּֽעֲנֻגֶ֑י/הָ</w>
        <w>מֵ/עַל֙</w>
        <w>עֹֽלָלֶ֔י/הָ</w>
        <w>תִּקְח֥וּ</w>
        <w>הֲדָרִ֖/י</w>
        <w>לְ/עוֹלָֽם׃</w>
      </v>
      <v n="10">
        <w>ק֣וּמוּ</w>
        <w>וּ/לְכ֔וּ</w>
        <w>כִּ֥י</w>
        <w>לֹא־</w>
        <w>זֹ֖את</w>
        <w>הַ/מְּנוּחָ֑ה</w>
        <w>בַּ/עֲב֥וּר</w>
        <w>טָמְאָ֛ה</w>
        <w>תְּחַבֵּ֖ל</w>
        <w>וְ/חֶ֥בֶל</w>
        <w>נִמְרָֽץ׃</w>
      </v>
      <v n="11">
        <w>לוּ־</w>
        <w>אִ֞ישׁ</w>
        <w>הֹלֵ֥ךְ</w>
        <w>ר֙וּחַ֙</w>
        <w>וָ/שֶׁ֣קֶר</w>
        <w>כִּזֵּ֔ב</w>
        <w>אַטִּ֣ף</w>
        <w>לְ/ךָ֔</w>
        <w>לַ/יַּ֖יִן</w>
        <w>וְ/לַ/שֵּׁכָ֑ר</w>
        <w>וְ/הָיָ֥ה</w>
        <w>מַטִּ֖יף</w>
        <w>הָ/עָ֥ם</w>
        <w>הַ/זֶּֽה׃</w>
      </v>
      <v n="12">
        <w>אָסֹ֨ף</w>
        <w>אֶאֱסֹ֜ף</w>
        <w>יַעֲקֹ֣ב</w>
        <w>כֻּלָּ֗/ךְ</w>
        <w>קַבֵּ֤ץ</w>
        <w>אֲקַבֵּץ֙</w>
        <w>שְׁאֵרִ֣ית</w>
        <w>יִשְׂרָאֵ֔ל</w>
        <w>יַ֥חַד</w>
        <w>אֲשִׂימֶ֖/נּוּ</w>
        <w>כְּ/צֹ֣אן</w>
        <w>בָּצְרָ֑ה</w>
        <w>כְּ/עֵ֙דֶר֙</w>
        <w>בְּ/ת֣וֹךְ</w>
        <w>הַ/דָּֽבְר֔/וֹ</w>
        <w>תְּהִימֶ֖נָה</w>
        <w>מֵ/אָדָֽם׃</w>
      </v>
      <v n="13">
        <w>עָלָ֤ה</w>
        <w>הַ/פֹּרֵץ֙</w>
        <w>לִ/פְנֵי/הֶ֔ם</w>
        <w>פָּֽרְצוּ֙</w>
        <w>וַֽ/יַּעֲבֹ֔רוּ</w>
        <w>שַׁ֖עַר</w>
        <w>וַ/יֵּ֣צְאוּ</w>
        <w>ב֑/וֹ</w>
        <w>וַ/יַּעֲבֹ֤ר</w>
        <w>מַלְכָּ/ם֙</w>
        <w>לִ/פְנֵי/הֶ֔ם</w>
        <w>וַ/יהוָ֖ה</w>
        <w>בְּ/רֹאשָֽׁ/ם׃</w>
        <pe/>
      </v>
      <vs>13</vs>
    </c>
    <c n="3">
      <v n="1">
        <w>וָ/אֹמַ֗ר</w>
        <w>שִׁמְעוּ־</w>
        <w>נָא֙</w>
        <w>רָאשֵׁ֣י</w>
        <w>יַעֲקֹ֔ב</w>
        <w>וּ/קְצִינֵ֖י</w>
        <w>בֵּ֣ית</w>
        <w>יִשְׂרָאֵ֑ל</w>
        <w>הֲ/ל֣וֹא</w>
        <w>לָ/כֶ֔ם</w>
        <w>לָ/דַ֖עַת</w>
        <w>אֶת־</w>
        <w>הַ/מִּשְׁפָּֽט׃</w>
      </v>
      <v n="2">
        <w>שֹׂ֥נְאֵי</w>
        <w>ט֖וֹב</w>
        <w>וְ/אֹ֣הֲבֵי</w>
        <k>רעה</k>
        <q>רָ֑ע</q>
        <w>גֹּזְלֵ֤י</w>
        <w>עוֹרָ/ם֙</w>
        <w>מֵֽ/עֲלֵי/הֶ֔ם</w>
        <w>וּ/שְׁאֵרָ֖/ם</w>
        <w>מֵ/עַ֥ל</w>
        <w>עַצְמוֹתָֽ/ם׃</w>
      </v>
      <v n="3">
        <w>וַ/אֲשֶׁ֣ר</w>
        <w>אָכְלוּ֮</w>
        <w>שְׁאֵ֣ר</w>
        <w>עַמִּ/י֒</w>
        <w>וְ/עוֹרָ/ם֙</w>
        <w>מֵ/עֲלֵי/הֶ֣ם</w>
        <w>הִפְשִׁ֔יטוּ</w>
        <w>וְ/אֶת־</w>
        <w>עַצְמֹֽתֵי/הֶ֖ם</w>
        <w>פִּצֵּ֑חוּ</w>
        <w>וּ/פָרְשׂוּ֙</w>
        <w>כַּ/אֲשֶׁ֣ר</w>
        <w>בַּ/סִּ֔יר</w>
        <w>וּ/כְ/בָשָׂ֖ר</w>
        <w>בְּ/ת֥וֹךְ</w>
        <w>קַלָּֽחַת׃</w>
      </v>
      <v n="4">
        <w>אָ֚ז</w>
        <w>יִזְעֲק֣וּ</w>
        <w>אֶל־</w>
        <w>יְהוָ֔ה</w>
        <w>וְ/לֹ֥א</w>
        <w>יַעֲנֶ֖ה</w>
        <w>אוֹתָ֑/ם</w>
        <w>וְ/יַסְתֵּ֨ר</w>
        <w>פָּנָ֤י/ו</w>
        <w>מֵ/הֶם֙</w>
        <w>בָּ/עֵ֣ת</w>
        <w>הַ/הִ֔יא</w>
        <w>כַּ/אֲשֶׁ֥ר</w>
        <w>הֵרֵ֖עוּ</w>
        <w>מַעַלְלֵי/הֶֽם׃</w>
        <pe/>
      </v>
      <v n="5">
        <w>כֹּ֚ה</w>
        <w>אָמַ֣ר</w>
        <w>יְהוָ֔ה</w>
        <w>עַל־</w>
        <w>הַ/נְּבִיאִ֖ים</w>
        <w>הַ/מַּתְעִ֣ים</w>
        <w>אֶת־</w>
        <w>עַמִּ֑/י</w>
        <w>הַ/נֹּשְׁכִ֤ים</w>
        <w>בְּ/שִׁנֵּי/הֶם֙</w>
        <w>וְ/קָרְא֣וּ</w>
        <w>שָׁל֔וֹם</w>
        <w>וַ/אֲשֶׁר֙</w>
        <w>לֹא־</w>
        <w>יִתֵּ֣ן</w>
        <w>עַל־</w>
        <w>פִּי/הֶ֔ם</w>
        <w>וְ/קִדְּשׁ֥וּ</w>
        <w>עָלָ֖י/ו</w>
        <w>מִלְחָמָֽה׃</w>
      </v>
      <v n="6">
        <w>לָ/כֵ֞ן</w>
        <w>לַ֤יְלָה</w>
        <w>לָ/כֶם֙</w>
        <w>מֵֽ/חָז֔וֹן</w>
        <w>וְ/חָשְׁכָ֥ה</w>
        <w>לָ/כֶ֖ם</w>
        <w>מִ/קְּסֹ֑ם</w>
        <w>וּ/בָ֤אָה</w>
        <w>הַ/שֶּׁ֙מֶשׁ֙</w>
        <w>עַל־</w>
        <w>הַ/נְּבִיאִ֔ים</w>
        <w>וְ/קָדַ֥ר</w>
        <w>עֲלֵי/הֶ֖ם</w>
        <w>הַ/יּֽוֹם׃</w>
      </v>
      <v n="7">
        <w>וּ/בֹ֣שׁוּ<x>C</x></w>
        <w>הַ/חֹזִ֗ים</w>
        <w>וְ/חָֽפְרוּ֙</w>
        <w>הַ/קֹּ֣סְמִ֔ים</w>
        <w>וְ/עָט֥וּ</w>
        <w>עַל־</w>
        <w>שָׂפָ֖ם</w>
        <w>כֻּלָּ֑/ם</w>
        <w>כִּ֛י</w>
        <w>אֵ֥ין</w>
        <w>מַעֲנֵ֖ה</w>
        <w>אֱלֹהִֽים׃</w>
      </v>
      <v n="8">
        <w>וְ/אוּלָ֗ם</w>
        <w>אָנֹכִ֞י</w>
        <w>מָלֵ֤אתִי</w>
        <w>כֹ֙חַ֙</w>
        <w>אֶת־</w>
        <w>ר֣וּחַ</w>
        <w>יְהוָ֔ה</w>
        <w>וּ/מִשְׁפָּ֖ט</w>
        <w>וּ/גְבוּרָ֑ה</w>
        <w>לְ/הַגִּ֤יד</w>
        <w>לְ/יַֽעֲקֹב֙</w>
        <w>פִּשְׁע֔/וֹ</w>
        <w>וּ/לְ/יִשְׂרָאֵ֖ל</w>
        <w>חַטָּאתֽ/וֹ׃</w>
        <samekh/>
      </v>
      <v n="9">
        <w>שִׁמְעוּ־</w>
        <w>נָ֣א</w>
        <w>זֹ֗את</w>
        <w>רָאשֵׁי֙</w>
        <w>בֵּ֣ית</w>
        <w>יַעֲקֹ֔ב</w>
        <w>וּ/קְצִינֵ֖י</w>
        <w>בֵּ֣ית</w>
        <w>יִשְׂרָאֵ֑ל</w>
        <w>הַֽ/מֲתַעֲבִ֣ים</w>
        <w>מִשְׁפָּ֔ט</w>
        <w>וְ/אֵ֥ת</w>
        <w>כָּל־</w>
        <w>הַ/יְשָׁרָ֖ה</w>
        <w>יְעַקֵּֽשׁוּ׃</w>
      </v>
      <v n="10">
        <w>בֹּנֶ֥ה</w>
        <w>צִיּ֖וֹן</w>
        <w>בְּ/דָמִ֑ים</w>
        <w>וִ/ירוּשָׁלִַ֖ם</w>
        <w>בְּ/עַוְלָֽה׃</w>
      </v>
      <v n="11">
        <w>רָאשֶׁ֣י/הָ ׀</w>
        <w>בְּ/שֹׁ֣חַד</w>
        <w>יִשְׁפֹּ֗טוּ</w>
        <w>וְ/כֹהֲנֶ֙י/הָ֙</w>
        <w>בִּ/מְחִ֣יר</w>
        <w>יוֹר֔וּ</w>
        <w>וּ/נְבִיאֶ֖י/הָ</w>
        <w>בְּ/כֶ֣סֶף</w>
        <w>יִקְסֹ֑מוּ</w>
        <w>וְ/עַל־</w>
        <w>יְהוָה֙</w>
        <w>יִשָּׁעֵ֣נוּ</w>
        <w>לֵ/אמֹ֔ר</w>
        <w>הֲ/ל֤וֹא</w>
        <w>יְהוָה֙</w>
        <w>בְּ/קִרְבֵּ֔/נוּ</w>
        <w>לֹֽא־</w>
        <w>תָב֥וֹא</w>
        <w>עָלֵ֖י/נוּ</w>
        <w>רָעָֽה׃</w>
      </v>
      <v n="12">
        <w>לָ/כֵן֙</w>
        <w>בִּ/גְלַלְ/כֶ֔ם</w>
        <w>צִיּ֖וֹן</w>
        <w>שָׂדֶ֣ה</w>
        <w>תֵֽחָרֵ֑שׁ</w>
        <w>וִ/ירוּשָׁלִַ֙ם֙</w>
        <w>עִיִּ֣ין</w>
        <w>תִּֽהְיֶ֔ה</w>
        <w>וְ/הַ֥ר</w>
        <w>הַ/בַּ֖יִת</w>
        <w>לְ/בָמ֥וֹת</w>
        <w>יָֽעַר׃</w>
        <pe/>
      </v>
      <vs>12</vs>
    </c>
    <c n="4">
      <v n="1">
        <w>וְ/הָיָ֣ה ׀</w>
        <w>בְּ/אַחֲרִ֣ית</w>
        <w>הַ/יָּמִ֗ים</w>
        <w>יִ֠הְיֶה</w>
        <w>הַ֣ר</w>
        <w>בֵּית־</w>
        <w>יְהוָ֤ה</w>
        <w>נָכוֹן֙</w>
        <w>בְּ/רֹ֣אשׁ</w>
        <w>הֶ/הָרִ֔ים</w>
        <w>וְ/נִשָּׂ֥א</w>
        <w>ה֖וּא</w>
        <w>מִ/גְּבָע֑וֹת</w>
        <w>וְ/נָהֲר֥וּ</w>
        <w>עָלָ֖י/ו</w>
        <w>עַמִּֽים׃</w>
      </v>
      <v n="2">
        <w>וְֽ/הָלְכ֞וּ</w>
        <w>גּוֹיִ֣ם</w>
        <w>רַבִּ֗ים</w>
        <w>וְ/אָֽמְרוּ֙</w>
        <w>לְכ֣וּ ׀</w>
        <w>וְ/נַעֲלֶ֣ה</w>
        <w>אֶל־</w>
        <w>הַר־</w>
        <w>יְהוָ֗ה</w>
        <w>וְ/אֶל־</w>
        <w>בֵּית֙</w>
        <w>אֱלֹהֵ֣י</w>
        <w>יַעֲקֹ֔ב</w>
        <w>וְ/יוֹרֵ֙/נוּ֙</w>
        <w>מִ/דְּרָכָ֔י/ו</w>
        <w>וְ/נֵלְכָ֖ה</w>
        <w>בְּ/אֹֽרְחֹתָ֑י/ו</w>
        <w>כִּ֤י</w>
        <w>מִ/צִּיּוֹן֙</w>
        <w>תֵּצֵ֣א</w>
        <w>תוֹרָ֔ה</w>
        <w>וּ/דְבַר־</w>
        <w>יְהוָ֖ה</w>
        <w>מִ/ירוּשָׁלִָֽם׃</w>
      </v>
      <v n="3">
        <w>וְ/שָׁפַ֗ט</w>
        <w>בֵּ֚ין</w>
        <w>עַמִּ֣ים</w>
        <w>רַבִּ֔ים</w>
        <w>וְ/הוֹכִ֛יחַ</w>
        <w>לְ/גוֹיִ֥ם</w>
        <w>עֲצֻמִ֖ים</w>
        <w>עַד־</w>
        <w>רָח֑וֹק</w>
        <w>וְ/כִתְּת֨וּ</w>
        <w>חַרְבֹתֵי/הֶ֜ם</w>
        <w>לְ/אִתִּ֗ים</w>
        <w>וַ/חֲנִיתֹֽתֵי/הֶם֙</w>
        <w>לְ/מַזְמֵר֔וֹת</w>
        <w>לֹֽא־</w>
        <w>יִשְׂא֞וּ</w>
        <w>גּ֤וֹי</w>
        <w>אֶל־</w>
        <w>גּוֹי֙</w>
        <w>חֶ֔רֶב</w>
        <w>וְ/לֹא־</w>
        <w>יִלְמְד֥וּ/ן</w>
        <w>ע֖וֹד</w>
        <w>מִלְחָמָֽה׃</w>
      </v>
      <v n="4">
        <w>וְ/יָשְׁב֗וּ</w>
        <w>אִ֣ישׁ</w>
        <w>תַּ֧חַת</w>
        <w>גַּפְנ֛/וֹ</w>
        <w>וְ/תַ֥חַת</w>
        <w>תְּאֵנָת֖/וֹ</w>
        <w>וְ/אֵ֣ין</w>
        <w>מַחֲרִ֑יד</w>
        <w>כִּי־</w>
        <w>פִ֛י</w>
        <w>יְהוָ֥ה</w>
        <w>צְבָא֖וֹת</w>
        <w>דִּבֵּֽר׃</w>
      </v>
      <v n="5">
        <w>כִּ֚י</w>
        <w>כָּל־</w>
        <w>הָ֣/עַמִּ֔ים</w>
        <w>יֵלְכ֕וּ</w>
        <w>אִ֖ישׁ</w>
        <w>בְּ/שֵׁ֣ם</w>
        <w>אֱלֹהָ֑י/ו</w>
        <w>וַ/אֲנַ֗חְנוּ</w>
        <w>נֵלֵ֛ךְ</w>
        <w>בְּ/שֵׁם־</w>
        <w>יְהוָ֥ה</w>
        <w>אֱלֹהֵ֖י/נוּ</w>
        <w>לְ/עוֹלָ֥ם</w>
        <w>וָ/עֶֽד׃</w>
        <pe/>
      </v>
      <v n="6">
        <w>בַּ/יּ֨וֹם</w>
        <w>הַ/ה֜וּא</w>
        <w>נְאֻם־</w>
        <w>יְהוָ֗ה</w>
        <w>אֹֽסְפָה֙</w>
        <w>הַ/צֹּ֣לֵעָ֔ה</w>
        <w>וְ/הַ/נִּדָּחָ֖ה</w>
        <w>אֲקַבֵּ֑צָה</w>
        <w>וַ/אֲשֶׁ֖ר</w>
        <w>הֲרֵעֹֽתִי׃</w>
      </v>
      <v n="7">
        <w>וְ/שַׂמְתִּ֤י</w>
        <w>אֶת־</w>
        <w>הַ/צֹּֽלֵעָה֙</w>
        <w>לִ/שְׁאֵרִ֔ית</w>
        <w>וְ/הַ/נַּהֲלָאָ֖ה</w>
        <w>לְ/ג֣וֹי</w>
        <w>עָצ֑וּם</w>
        <w>וּ/מָלַ֨ךְ</w>
        <w>יְהוָ֤ה</w>
        <w>עֲלֵי/הֶם֙</w>
        <w>בְּ/הַ֣ר</w>
        <w>צִיּ֔וֹן</w>
        <w>מֵ/עַתָּ֖ה</w>
        <w>וְ/עַד־</w>
        <w>עוֹלָֽם׃</w>
        <pe/>
      </v>
      <v n="8">
        <w>וְ/אַתָּ֣ה</w>
        <w>מִגְדַּל־</w>
        <w>עֵ֗דֶר</w>
        <w>עֹ֛פֶל</w>
        <w>בַּת־</w>
        <w>צִיּ֖וֹן</w>
        <w>עָדֶ֣י/ךָ</w>
        <w>תֵּאתֶ֑ה</w>
        <w>וּ/בָאָ֗ה</w>
        <w>הַ/מֶּמְשָׁלָה֙</w>
        <w>הָ/רִ֣אשֹׁנָ֔ה</w>
        <w>מַמְלֶ֖כֶת</w>
        <w>לְ/בַ֥ת־</w>
        <w>יְרוּשָׁלִָֽם׃</w>
      </v>
      <v n="9">
        <w>עַתָּ֕ה</w>
        <w>לָ֥/מָּה</w>
        <w>תָרִ֖יעִי</w>
        <w>רֵ֑עַ</w>
        <w>הֲ/מֶ֣לֶךְ</w>
        <w>אֵֽין־</w>
        <w>בָּ֗/ךְ</w>
        <w>אִֽם־</w>
        <w>יוֹעֲצֵ/ךְ֙</w>
        <w>אָבָ֔ד</w>
        <w>כִּֽי־</w>
        <w>הֶחֱזִיקֵ֥/ךְ</w>
        <w>חִ֖יל</w>
        <w>כַּ/יּוֹלֵדָֽה׃</w>
      </v>
      <v n="10">
        <w>ח֧וּלִי</w>
        <w>וָ/גֹ֛חִי</w>
        <w>בַּת־</w>
        <w>צִיּ֖וֹן</w>
        <w>כַּ/יּֽוֹלֵדָ֑ה</w>
        <w>כִּֽי־</w>
        <w>עַתָּה֩</w>
        <w>תֵצְאִ֨י</w>
        <w>מִ/קִּרְיָ֜ה</w>
        <w>וְ/שָׁכַ֣נְתְּ</w>
        <w>בַּ/שָּׂדֶ֗ה</w>
        <w>וּ/בָ֤את</w>
        <w>עַד־</w>
        <w>בָּבֶל֙</w>
        <w>שָׁ֣ם</w>
        <w>תִּנָּצֵ֔לִי</w>
        <w>שָׁ֚ם</w>
        <w>יִגְאָלֵ֣/ךְ</w>
        <w>יְהוָ֔ה</w>
        <w>מִ/כַּ֖ף</w>
        <w>אֹיְבָֽיִ/ךְ׃</w>
      </v>
      <v n="11">
        <w>וְ/עַתָּ֛ה</w>
        <w>נֶאֶסְפ֥וּ</w>
        <w>עָלַ֖יִ/ךְ</w>
        <w>גּוֹיִ֣ם</w>
        <w>רַבִּ֑ים</w>
        <w>הָ/אֹמְרִ֣ים</w>
        <w>תֶּחֱנָ֔ף</w>
        <w>וְ/תַ֥חַז</w>
        <w>בְּ/צִיּ֖וֹן</w>
        <w>עֵינֵֽי/נוּ׃</w>
      </v>
      <v n="12">
        <w>וְ/הֵ֗מָּה</w>
        <w>לֹ֤א</w>
        <w>יָֽדְעוּ֙</w>
        <w>מַחְשְׁב֣וֹת</w>
        <w>יְהוָ֔ה</w>
        <w>וְ/לֹ֥א</w>
        <w>הֵבִ֖ינוּ</w>
        <w>עֲצָת֑/וֹ</w>
        <w>כִּ֥י</w>
        <w>קִבְּצָ֖/ם</w>
        <w>כֶּ/עָמִ֥יר</w>
        <w>גֹּֽרְנָ/ה׃</w>
      </v>
      <v n="13">
        <w>ק֧וּמִי</w>
        <w>וָ/ד֣וֹשִׁי</w>
        <w>בַת־</w>
        <w>צִיּ֗וֹן</w>
        <w>כִּֽי־</w>
        <w>קַרְנֵ֞/ךְ</w>
        <w>אָשִׂ֤ים</w>
        <w>בַּרְזֶל֙</w>
        <w>וּ/פַרְסֹתַ֙יִ/ךְ֙</w>
        <w>אָשִׂ֣ים</w>
        <w>נְחוּשָׁ֔ה</w>
        <w>וַ/הֲדִקּ֖וֹת</w>
        <w>עַמִּ֣ים</w>
        <w>רַבִּ֑ים</w>
        <w>וְ/הַחֲרַמְתִּ֤י</w>
        <w>לַֽ/יהוָה֙</w>
        <w>בִּצְעָ֔/ם</w>
        <w>וְ/חֵילָ֖/ם</w>
        <w>לַ/אֲד֥וֹן</w>
        <w>כָּל־</w>
        <w>הָ/אָֽרֶץ׃</w>
      </v>
      <v n="14">
        <w>עַתָּה֙</w>
        <w>תִּתְגֹּדְדִ֣י</w>
        <w>בַת־</w>
        <w>גְּד֔וּד</w>
        <w>מָצ֖וֹר</w>
        <w>שָׂ֣ם</w>
        <w>עָלֵ֑י/נוּ</w>
        <w>בַּ/שֵּׁ֙בֶט֙</w>
        <w>יַכּ֣וּ</w>
        <w>עַֽל־</w>
        <w>הַ/לְּחִ֔י</w>
        <w>אֵ֖ת</w>
        <w>שֹׁפֵ֥ט</w>
        <w>יִשְׂרָאֵֽל׃</w>
        <samekh/>
      </v>
      <vs>14</vs>
    </c>
    <c n="5">
      <v n="1">
        <w>וְ/אַתָּ֞ה</w>
        <w>בֵּֽית־</w>
        <w>לֶ֣חֶם</w>
        <w>אֶפְרָ֗תָה</w>
        <w>צָעִיר֙</w>
        <w>לִֽ/הְיוֹת֙</w>
        <w>בְּ/אַלְפֵ֣י</w>
        <w>יְהוּדָ֔ה</w>
        <w>מִמְּ/ךָ֙</w>
        <w>לִ֣/י</w>
        <w>יֵצֵ֔א</w>
        <w>לִֽ/הְי֥וֹת</w>
        <w>מוֹשֵׁ֖ל</w>
        <w>בְּ/יִשְׂרָאֵ֑ל</w>
        <w>וּ/מוֹצָאֹתָ֥י/ו</w>
        <w>מִ/קֶּ֖דֶם</w>
        <w>מִ/ימֵ֥י</w>
        <w>עוֹלָֽם׃</w>
      </v>
      <v n="2">
        <w>לָ/כֵ֣ן</w>
        <w>יִתְּנֵ֔/ם</w>
        <w>עַד־</w>
        <w>עֵ֥ת</w>
        <w>יוֹלֵדָ֖ה</w>
        <w>יָלָ֑דָה</w>
        <w>וְ/יֶ֣תֶר</w>
        <w>אֶחָ֔י/ו</w>
        <w>יְשׁוּב֖וּ/ן</w>
        <w>עַל־</w>
        <w>בְּנֵ֥י</w>
        <w>יִשְׂרָאֵֽל׃</w>
      </v>
      <v n="3">
        <w>וְ/עָמַ֗ד</w>
        <w>וְ/רָעָה֙</w>
        <w>בְּ/עֹ֣ז</w>
        <w>יְהוָ֔ה</w>
        <w>בִּ/גְא֕וֹן</w>
        <w>שֵׁ֖ם</w>
        <w>יְהוָ֣ה</w>
        <w>אֱלֹהָ֑י/ו</w>
        <w>וְ/יָשָׁ֕בוּ</w>
        <w>כִּֽי־</w>
        <w>עַתָּ֥ה</w>
        <w>יִגְדַּ֖ל</w>
        <w>עַד־</w>
        <w>אַפְסֵי־</w>
        <w>אָֽרֶץ׃</w>
      </v>
      <v n="4">
        <w>וְ/הָיָ֥ה</w>
        <w>זֶ֖ה</w>
        <w>שָׁל֑וֹם</w>
        <w>אַשּׁ֣וּר ׀</w>
        <w>כִּֽי־</w>
        <w>יָב֣וֹא</w>
        <w>בְ/אַרְצֵ֗/נוּ</w>
        <w>וְ/כִ֤י</w>
        <w>יִדְרֹךְ֙</w>
        <w>בְּ/אַרְמְנֹתֵ֔י/נוּ</w>
        <w>וַ/הֲקֵמֹ֤נוּ</w>
        <w>עָלָי/ו֙</w>
        <w>שִׁבְעָ֣ה</w>
        <w>רֹעִ֔ים</w>
        <w>וּ/שְׁמֹנָ֖ה</w>
        <w>נְסִיכֵ֥י</w>
        <w>אָדָֽם׃</w>
      </v>
      <v n="5">
        <w>וְ/רָע֞וּ</w>
        <w>אֶת־</w>
        <w>אֶ֤רֶץ</w>
        <w>אַשּׁוּר֙</w>
        <w>בַּ/חֶ֔רֶב</w>
        <w>וְ/אֶת־</w>
        <w>אֶ֥רֶץ</w>
        <w>נִמְרֹ֖ד</w>
        <w>בִּ/פְתָחֶ֑י/הָ</w>
        <w>וְ/הִצִּיל֙</w>
        <w>מֵֽ/אַשּׁ֔וּר</w>
        <w>כִּֽי־</w>
        <w>יָב֣וֹא</w>
        <w>בְ/אַרְצֵ֔/נוּ</w>
        <w>וְ/כִ֥י</w>
        <w>יִדְרֹ֖ךְ</w>
        <w>בִּ/גְבוּלֵֽ/נוּ׃</w>
        <samekh/>
      </v>
      <v n="6">
        <w>וְ/הָיָ֣ה ׀</w>
        <w>שְׁאֵרִ֣ית</w>
        <w>יַעֲקֹ֗ב</w>
        <w>בְּ/קֶ֙רֶב֙</w>
        <w>עַמִּ֣ים</w>
        <w>רַבִּ֔ים</w>
        <w>כְּ/טַל֙</w>
        <w>מֵ/אֵ֣ת</w>
        <w>יְהוָ֔ה</w>
        <w>כִּ/רְבִיבִ֖ים</w>
        <w>עֲלֵי־</w>
        <w>עֵ֑שֶׂב</w>
        <w>אֲשֶׁ֤ר</w>
        <w>לֹֽא־</w>
        <w>יְקַוֶּה֙</w>
        <w>לְ/אִ֔ישׁ</w>
        <w>וְ/לֹ֥א</w>
        <w>יְיַחֵ֖ל</w>
        <w>לִ/בְנֵ֥י</w>
        <w>אָדָֽם׃</w>
      </v>
      <v n="7">
        <w>וְ/הָיָה֩</w>
        <w>שְׁאֵרִ֨ית</w>
        <w>יַעֲקֹ֜ב</w>
        <w>בַּ/גּוֹיִ֗ם</w>
        <w>בְּ/קֶ֙רֶב֙</w>
        <w>עַמִּ֣ים</w>
        <w>רַבִּ֔ים</w>
        <w>כְּ/אַרְיֵה֙</w>
        <w>בְּ/בַהֲמ֣וֹת</w>
        <w>יַ֔עַר</w>
        <w>כִּ/כְפִ֖יר</w>
        <w>בְּ/עֶדְרֵי<x>Q</x><x>n</x><x>p</x></w>
        <w>צֹ֑אן</w>
        <w>אֲשֶׁ֧ר</w>
        <w>אִם</w>
        <w>עָבַ֛ר</w>
        <w>וְ/רָמַ֥ס</w>
        <w>וְ/טָרַ֖ף</w>
        <w>וְ/אֵ֥ין</w>
        <w>מַצִּֽיל׃</w>
      </v>
      <v n="8">
        <w>תָּרֹ֥ם</w>
        <w>יָדְ/ךָ֖</w>
        <w>עַל־</w>
        <w>צָרֶ֑י/ךָ</w>
        <w>וְ/כָל־</w>
        <w>אֹיְבֶ֖י/ךָ</w>
        <w>יִכָּרֵֽתוּ׃</w>
        <pe/>
      </v>
      <v n="9">
        <w>וְ/הָיָ֤ה</w>
        <w>בַ/יּוֹם־</w>
        <w>הַ/הוּא֙</w>
        <w>נְאֻם־</w>
        <w>יְהוָ֔ה</w>
        <w>וְ/הִכְרַתִּ֥י</w>
        <w>סוּסֶ֖י/ךָ</w>
        <w>מִ/קִּרְבֶּ֑/ךָ</w>
        <w>וְ/הַאֲבַדְתִּ֖י</w>
        <w>מַרְכְּבֹתֶֽי/ךָ׃</w>
      </v>
      <v n="10">
        <w>וְ/הִכְרַתִּ֖י</w>
        <w>עָרֵ֣י</w>
        <w>אַרְצֶ֑/ךָ</w>
        <w>וְ/הָרַסְתִּ֖י</w>
        <w>כָּל־</w>
        <w>מִבְצָרֶֽי/ךָ׃</w>
      </v>
      <v n="11">
        <w>וְ/הִכְרַתִּ֥י</w>
        <w>כְשָׁפִ֖ים</w>
        <w>מִ/יָּדֶ֑/ךָ</w>
        <w>וּֽ/מְעוֹנְנִ֖ים</w>
        <w>לֹ֥א</w>
        <w>יִֽהְיוּ־</w>
        <w>לָֽ/ךְ׃</w>
      </v>
      <v n="12">
        <w>וְ/הִכְרַתִּ֧י</w>
        <w>פְסִילֶ֛י/ךָ</w>
        <w>וּ/מַצֵּבוֹתֶ֖י/ךָ</w>
        <w>מִ/קִּרְבֶּ֑/ךָ</w>
        <w>וְ/לֹֽא־</w>
        <w>תִשְׁתַּחֲוֶ֥ה</w>
        <w>ע֖וֹד</w>
        <w>לְ/מַעֲשֵׂ֥ה</w>
        <w>יָדֶֽי/ךָ׃</w>
      </v>
      <v n="13">
        <w>וְ/נָתַשְׁתִּ֥י</w>
        <w>אֲשֵׁירֶ֖י/ךָ</w>
        <w>מִ/קִּרְבֶּ֑/ךָ</w>
        <w>וְ/הִשְׁמַדְתִּ֖י</w>
        <w>עָרֶֽי/ךָ׃</w>
      </v>
      <v n="14">
        <w>וְ/עָשִׂ֜יתִי</w>
        <w>בְּ/אַ֧ף</w>
        <w>וּ/בְ/חֵמָ֛ה</w>
        <w>נָקָ֖ם</w>
        <w>אֶת־</w>
        <w>הַ/גּוֹיִ֑ם</w>
        <w>אֲשֶׁ֖ר</w>
        <w>לֹ֥א</w>
        <w>שָׁמֵֽעוּ׃</w>
        <samekh/>
      </v>
      <vs>14</vs>
    </c>
    <c n="6">
      <v n="1">
        <w>שִׁמְעוּ־</w>
        <w>נָ֕א</w>
        <w>אֵ֥ת</w>
        <w>אֲשֶׁר־</w>
        <w>יְהוָ֖ה</w>
        <w>אֹמֵ֑ר</w>
        <w>ק֚וּם</w>
        <w>רִ֣יב</w>
        <w>אֶת־</w>
        <w>הֶ/הָרִ֔ים</w>
        <w>וְ/תִשְׁמַ֥עְנָה</w>
        <w>הַ/גְּבָע֖וֹת</w>
        <w>קוֹלֶֽ/ךָ׃</w>
      </v>
      <v n="2">
        <w>שִׁמְע֤וּ</w>
        <w>הָרִים֙</w>
        <w>אֶת־</w>
        <w>רִ֣יב</w>
        <w>יְהוָ֔ה</w>
        <w>וְ/הָ/אֵתָנִ֖ים</w>
        <w>מֹ֣סְדֵי</w>
        <w>אָ֑רֶץ</w>
        <w>כִּ֣י</w>
        <w>רִ֤יב</w>
        <w>לַֽ/יהוָה֙</w>
        <w>עִם־</w>
        <w>עַמּ֔/וֹ</w>
        <w>וְ/עִם־</w>
        <w>יִשְׂרָאֵ֖ל</w>
        <w>יִתְוַכָּֽח׃</w>
      </v>
      <v n="3">
        <w>עַמִּ֛/י</w>
        <w>מֶה־</w>
        <w>עָשִׂ֥יתִי</w>
        <w>לְ/ךָ֖</w>
        <w>וּ/מָ֣ה</w>
        <w>הֶלְאֵתִ֑י/ךָ</w>
        <w>עֲנֵ֥ה</w>
        <w>בִּֽ/י׃<x>Q</x><x>p</x></w>
      </v>
      <v n="4">
        <w>כִּ֤י</w>
        <w>הֶעֱלִתִ֙י/ךָ֙</w>
        <w>מֵ/אֶ֣רֶץ</w>
        <w>מִצְרַ֔יִם</w>
        <w>וּ/מִ/בֵּ֥ית</w>
        <w>עֲבָדִ֖ים</w>
        <w>פְּדִיתִ֑י/ךָ</w>
        <w>וָ/אֶשְׁלַ֣ח</w>
        <w>לְ/פָנֶ֔י/ךָ</w>
        <w>אֶת־</w>
        <w>מֹשֶׁ֖ה</w>
        <w>אַהֲרֹ֥ן</w>
        <w>וּ/מִרְיָֽם׃</w>
      </v>
      <v n="5">
        <w>עַמִּ֗/י</w>
        <w>זְכָר־</w>
        <w>נָא֙</w>
        <w>מַה־</w>
        <w>יָּעַ֗ץ</w>
        <w>בָּלָק֙</w>
        <w>מֶ֣לֶךְ</w>
        <w>מוֹאָ֔ב</w>
        <w>וּ/מֶה־</w>
        <w>עָנָ֥ה</w>
        <w>אֹת֖/וֹ</w>
        <w>בִּלְעָ֣ם</w>
        <w>בֶּן־</w>
        <w>בְּע֑וֹר</w>
        <w>מִן־</w>
        <w>הַ/שִּׁטִּים֙</w>
        <w>עַד־</w>
        <w>הַ/גִּלְגָּ֔ל</w>
        <w>לְמַ֕עַן</w>
        <w>דַּ֖עַת</w>
        <w>צִדְק֥וֹת</w>
        <w>יְהוָֽה׃</w>
      </v>
      <v n="6">
        <w>בַּ/מָּה֙</w>
        <w>אֲקַדֵּ֣ם</w>
        <w>יְהוָ֔ה</w>
        <w>אִכַּ֖ף</w>
        <w>לֵ/אלֹהֵ֣י</w>
        <w>מָר֑וֹם</w>
        <w>הַ/אֲקַדְּמֶ֣/נּוּ</w>
        <w>בְ/עוֹל֔וֹת</w>
        <w>בַּ/עֲגָלִ֖ים</w>
        <w>בְּנֵ֥י</w>
        <w>שָׁנָֽה׃</w>
      </v>
      <v n="7">
        <w>הֲ/יִרְצֶ֤ה</w>
        <w>יְהוָה֙</w>
        <w>בְּ/אַלְפֵ֣י</w>
        <w>אֵילִ֔ים</w>
        <w>בְּ/רִֽבְב֖וֹת</w>
        <w>נַֽחֲלֵי־</w>
        <w>שָׁ֑מֶן</w>
        <w>הַ/אֶתֵּ֤ן</w>
        <w>בְּכוֹרִ/י֙</w>
        <w>פִּשְׁעִ֔/י</w>
        <w>פְּרִ֥י</w>
        <w>בִטְנִ֖/י</w>
        <w>חַטַּ֥את</w>
        <w>נַפְשִֽׁ/י׃</w>
      </v>
      <v n="8">
        <w>הִגִּ֥יד</w>
        <w>לְ/ךָ֛</w>
        <w>אָדָ֖ם</w>
        <w>מַה־</w>
        <w>טּ֑וֹב</w>
        <w>וּ/מָֽה־</w>
        <w>יְהוָ֞ה</w>
        <w>דּוֹרֵ֣שׁ</w>
        <w>מִמְּ/ךָ֗</w>
        <w>כִּ֣י</w>
        <w>אִם־</w>
        <w>עֲשׂ֤וֹת</w>
        <w>מִשְׁפָּט֙</w>
        <w>וְ/אַ֣הֲבַת</w>
        <w>חֶ֔סֶד</w>
        <w>וְ/הַצְנֵ֥עַ</w>
        <w>לֶ֖כֶת</w>
        <w>עִם־</w>
        <w>אֱלֹהֶֽי/ךָ׃</w>
        <pe/>
      </v>
      <v n="9">
        <w>ק֤וֹל</w>
        <w>יְהוָה֙</w>
        <w>לָ/עִ֣יר</w>
        <w>יִקְרָ֔א</w>
        <w>וְ/תוּשִׁיָּ֖ה</w>
        <w>יִרְאֶ֣ה</w>
        <w>שְׁמֶ֑/ךָ</w>
        <w>שִׁמְע֥וּ</w>
        <w>מַטֶּ֖ה</w>
        <w>וּ/מִ֥י</w>
        <w>יְעָדָֽ/הּ׃</w>
      </v>
      <v n="10">
        <w>ע֗וֹד</w>
        <w>הַ/אִשׁ֙</w>
        <w>בֵּ֣ית</w>
        <w>רָשָׁ֔ע</w>
        <w>אֹצְר֖וֹת</w>
        <w>רֶ֑שַׁע</w>
        <w>וְ/אֵיפַ֥ת</w>
        <w>רָז֖וֹן</w>
        <w>זְעוּמָֽה׃</w>
      </v>
      <v n="11">
        <w>הַ/אֶזְכֶּ֖ה</w>
        <w>בְּ/מֹ֣אזְנֵי</w>
        <w>רֶ֑שַׁע</w>
        <w>וּ/בְ/כִ֖יס</w>
        <w>אַבְנֵ֥י</w>
        <w>מִרְמָֽה׃</w>
      </v>
      <v n="12">
        <w>אֲשֶׁ֤ר</w>
        <w>עֲשִׁירֶ֙י/הָ֙</w>
        <w>מָלְא֣וּ</w>
        <w>חָמָ֔ס</w>
        <w>וְ/יֹשְׁבֶ֖י/הָ</w>
        <w>דִּבְּרוּ־</w>
        <w>שָׁ֑קֶר</w>
        <w>וּ/לְשׁוֹנָ֖/ם</w>
        <w>רְמִיָּ֥ה</w>
        <w>בְּ/פִי/הֶֽם׃</w>
      </v>
      <v n="13">
        <w>וְ/גַם־</w>
        <w>אֲנִ֖י</w>
        <w>הֶחֱלֵ֣יתִי</w>
        <w>הַכּוֹתֶ֑/ךָ</w>
        <w>הַשְׁמֵ֖ם</w>
        <w>עַל־</w>
        <w>חַטֹּאתֶֽ/ךָ׃</w>
      </v>
      <v n="14">
        <w>אַתָּ֤ה</w>
        <w>תֹאכַל֙</w>
        <w>וְ/לֹ֣א</w>
        <w>תִשְׂבָּ֔ע</w>
        <w>וְ/יֶשְׁחֲ/ךָ֖</w>
        <w>בְּ/קִרְבֶּ֑/ךָ</w>
        <w>וְ/תַסֵּג֙</w>
        <w>וְ/לֹ֣א</w>
        <w>תַפְלִ֔יט</w>
        <w>וַ/אֲשֶׁ֥ר</w>
        <w>תְּפַלֵּ֖ט</w>
        <w>לַ/חֶ֥רֶב</w>
        <w>אֶתֵּֽן׃</w>
      </v>
      <v n="15">
        <w>אַתָּ֥ה</w>
        <w>תִזְרַ֖ע</w>
        <w>וְ/לֹ֣א</w>
        <w>תִקְצ֑וֹר</w>
        <w>אַתָּ֤ה</w>
        <w>תִדְרֹֽךְ־</w>
        <w>זַ֙יִת֙</w>
        <w>וְ/לֹא־</w>
        <w>תָס֣וּךְ</w>
        <w>שֶׁ֔מֶן</w>
        <w>וְ/תִיר֖וֹשׁ</w>
        <w>וְ/לֹ֥א</w>
        <w>תִשְׁתֶּה־</w>
        <w>יָּֽיִן׃</w>
      </v>
      <v n="16">
        <w>וְ/יִשְׁתַּמֵּ֞ר</w>
        <w>חֻקּ֣וֹת</w>
        <w>עָמְרִ֗י</w>
        <w>וְ/כֹל֙</w>
        <w>מַעֲשֵׂ֣ה</w>
        <w>בֵית־</w>
        <w>אַחְאָ֔ב</w>
        <w>וַ/תֵּלְכ֖וּ</w>
        <w>בְּ/מֹֽעֲצוֹתָ֑/ם</w>
        <w>לְמַעַן֩</w>
        <w>תִּתִּ֨/י</w>
        <w>אֹתְ/ךָ֜</w>
        <w>לְ/שַׁמָּ֗ה</w>
        <w>וְ/יֹשְׁבֶ֙י/הָ֙</w>
        <w>לִ/שְׁרֵקָ֔ה</w>
        <w>וְ/חֶרְפַּ֥ת</w>
        <w>עַמִּ֖/י</w>
        <w>תִּשָּֽׂאוּ׃</w>
        <pe/>
      </v>
      <vs>16</vs>
    </c>
    <c n="7">
      <v n="1">
        <w>אַ֣לְלַי</w>
        <w>לִ֗/י</w>
        <w>כִּ֤י</w>
        <w>הָיִ֙יתִי֙</w>
        <w>כְּ/אָסְפֵּי־</w>
        <w>קַ֔יִץ</w>
        <w>כְּ/עֹלְלֹ֖ת</w>
        <w>בָּצִ֑יר</w>
        <w>אֵין־</w>
        <w>אֶשְׁכּ֣וֹל</w>
        <w>לֶ/אֱכ֔וֹל</w>
        <w>בִּכּוּרָ֖ה</w>
        <w>אִוְּתָ֥ה</w>
        <w>נַפְשִֽׁ/י׃</w>
      </v>
      <v n="2">
        <w>אָבַ֤ד</w>
        <w>חָסִיד֙</w>
        <w>מִן־</w>
        <w>הָ/אָ֔רֶץ</w>
        <w>וְ/יָשָׁ֥ר</w>
        <w>בָּ/אָדָ֖ם</w>
        <w>אָ֑יִן</w>
        <w>כֻּלָּ/ם֙</w>
        <w>לְ/דָמִ֣ים</w>
        <w>יֶאֱרֹ֔בוּ</w>
        <w>אִ֥ישׁ</w>
        <w>אֶת־</w>
        <w>אָחִ֖י/הוּ</w>
        <w>יָצ֥וּדוּ</w>
        <w>חֵֽרֶם׃</w>
      </v>
      <v n="3">
        <w>עַל־</w>
        <w>הָ/רַ֤ע</w>
        <w>כַּפַּ֙יִם֙</w>
        <w>לְ/הֵיטִ֔יב</w>
        <w>הַ/שַּׂ֣ר</w>
        <w>שֹׁאֵ֔ל</w>
        <w>וְ/הַ/שֹּׁפֵ֖ט</w>
        <w>בַּ/שִׁלּ֑וּם<x>Q</x><x>n</x><x>p</x></w>
        <w>וְ/הַ/גָּד֗וֹל</w>
        <w>דֹּבֵ֨ר</w>
        <w>הַוַּ֥ת</w>
        <w>נַפְשׁ֛/וֹ</w>
        <w>ה֖וּא</w>
        <w>וַֽ/יְעַבְּתֽוּ/הָ׃</w>
      </v>
      <v n="4">
        <w>טוֹבָ֣/ם</w>
        <w>כְּ/חֵ֔דֶק</w>
        <w>יָשָׁ֖ר</w>
        <w>מִ/מְּסוּכָ֑ה</w>
        <w>י֤וֹם</w>
        <w>מְצַפֶּ֙י/ךָ֙</w>
        <w>פְּקֻדָּתְ/ךָ֣</w>
        <w>בָ֔אָה</w>
        <w>עַתָּ֥ה</w>
        <w>תִהְיֶ֖ה</w>
        <w>מְבוּכָתָֽ/ם׃</w>
      </v>
      <v n="5">
        <w>אַל־</w>
        <w>תַּאֲמִ֣ינוּ</w>
        <w>בְ/רֵ֔עַ</w>
        <w>אַֽל־</w>
        <w>תִּבְטְח֖וּ</w>
        <w>בְּ/אַלּ֑וּף</w>
        <w>מִ/שֹּׁכֶ֣בֶת</w>
        <w>חֵיקֶ֔/ךָ</w>
        <w>שְׁמֹ֖ר</w>
        <w>פִּתְחֵי־</w>
        <w>פִֽי/ךָ׃</w>
      </v>
      <v n="6">
        <w>כִּֽי־</w>
        <w>בֵן֙</w>
        <w>מְנַבֵּ֣ל</w>
        <w>אָ֔ב</w>
        <w>בַּ֚ת</w>
        <w>קָמָ֣ה</w>
        <w>בְ/אִמָּ֔/הּ</w>
        <w>כַּלָּ֖ה</w>
        <w>בַּ/חֲמֹתָ֑/הּ</w>
        <w>אֹיְבֵ֥י</w>
        <w>אִ֖ישׁ</w>
        <w>אַנְשֵׁ֥י</w>
        <w>בֵיתֽ/וֹ׃</w>
      </v>
      <v n="7">
        <w>וַ/אֲנִי֙</w>
        <w>בַּ/יהוָ֣ה</w>
        <w>אֲצַפֶּ֔ה</w>
        <w>אוֹחִ֖ילָה</w>
        <w>לֵ/אלֹהֵ֣י</w>
        <w>יִשְׁעִ֑/י</w>
        <w>יִשְׁמָעֵ֖/נִי</w>
        <w>אֱלֹהָֽ/י׃</w>
      </v>
      <v n="8">
        <w>אַֽל־</w>
        <w>תִּשְׂמְחִ֤י</w>
        <w>אֹיַ֙בְתִּ/י֙</w>
        <w>לִ֔/י</w>
        <w>כִּ֥י</w>
        <w>נָפַ֖לְתִּי</w>
        <w>קָ֑מְתִּי</w>
        <w>כִּֽי־</w>
        <w>אֵשֵׁ֣ב</w>
        <w>בַּ/חֹ֔שֶׁךְ</w>
        <w>יְהוָ֖ה</w>
        <w>א֥וֹר</w>
        <w>לִֽ/י׃</w>
        <samekh/>
      </v>
      <v n="9">
        <w>זַ֤עַף</w>
        <w>יְהוָה֙</w>
        <w>אֶשָּׂ֔א</w>
        <w>כִּ֥י</w>
        <w>חָטָ֖אתִי</w>
        <w>ל֑/וֹ</w>
        <w>עַד֩</w>
        <w>אֲשֶׁ֨ר</w>
        <w>יָרִ֤יב</w>
        <w>רִיבִ/י֙</w>
        <w>וְ/עָשָׂ֣ה</w>
        <w>מִשְׁפָּטִ֔/י</w>
        <w>יוֹצִיאֵ֣/נִי</w>
        <w>לָ/א֔וֹר</w>
        <w>אֶרְאֶ֖ה</w>
        <w>בְּ/צִדְקָתֽ/וֹ׃</w>
      </v>
      <v n="10">
        <w>וְ/תֵרֶ֤א</w>
        <w>אֹיַ֙בְתִּ/י֙</w>
        <w>וּ/תְכַסֶּ֣/הָ</w>
        <w>בוּשָׁ֔ה</w>
        <w>הָ/אֹמְרָ֣ה</w>
        <w>אֵלַ֔/י</w>
        <w>אַיּ֖/וֹ</w>
        <w>יְהוָ֣ה</w>
        <w>אֱלֹהָ֑יִ/ךְ</w>
        <w>עֵינַ/י֙</w>
        <w>תִּרְאֶ֣ינָּה</w>
        <w>בָּ֔/הּ</w>
        <w>עַתָּ֛ה</w>
        <w>תִּֽהְיֶ֥ה</w>
        <w>לְ/מִרְמָ֖ס</w>
        <w>כְּ/טִ֥יט</w>
        <w>חוּצֽוֹת׃</w>
      </v>
      <v n="11">
        <w>י֖וֹם</w>
        <w>לִ/בְנ֣וֹת</w>
        <w>גְּדֵרָ֑יִ/ךְ</w>
        <w>י֥וֹם</w>
        <w>הַ/ה֖וּא</w>
        <w>יִרְחַק־</w>
        <w>חֹֽק׃</w>
      </v>
      <v n="12">
        <w>י֥וֹם</w>
        <w>הוּא֙</w>
        <w>וְ/עָדֶ֣י/ךָ</w>
        <w>יָב֔וֹא</w>
        <w>לְ/מִנִּ֥י</w>
        <w>אַשּׁ֖וּר</w>
        <w>וְ/עָרֵ֣י</w>
        <w>מָצ֑וֹר</w>
        <w>וּ/לְ/מִנִּ֤י</w>
        <w>מָצוֹר֙</w>
        <w>וְ/עַד־</w>
        <w>נָהָ֔ר</w>
        <w>וְ/יָ֥ם</w>
        <w>מִ/יָּ֖ם</w>
        <w>וְ/הַ֥ר</w>
        <w>הָ/הָֽר׃</w>
      </v>
      <v n="13">
        <w>וְ/הָיְתָ֥ה</w>
        <w>הָ/אָ֛רֶץ</w>
        <w>לִ/שְׁמָמָ֖ה</w>
        <w>עַל־</w>
        <w>יֹֽשְׁבֶ֑י/הָ</w>
        <w>מִ/פְּרִ֖י</w>
        <w>מַֽעַלְלֵי/הֶֽם׃</w>
        <samekh/>
      </v>
      <v n="14">
        <w>רְעֵ֧ה</w>
        <w>עַמְּ/ךָ֣</w>
        <w>בְ/שִׁבְטֶ֗/ךָ</w>
        <w>צֹ֚אן</w>
        <w>נַֽחֲלָתֶ֔/ךָ</w>
        <w>שֹׁכְנִ֣י</w>
        <w>לְ/בָדָ֔ד</w>
        <w>יַ֖עַר</w>
        <w>בְּ/ת֣וֹךְ</w>
        <w>כַּרְמֶ֑ל</w>
        <w>יִרְע֥וּ</w>
        <w>בָשָׁ֛ן</w>
        <w>וְ/גִלְעָ֖ד</w>
        <w>כִּ/ימֵ֥י</w>
        <w>עוֹלָֽם׃</w>
      </v>
      <v n="15">
        <w>כִּ/ימֵ֥י</w>
        <w>צֵאתְ/ךָ֖</w>
        <w>מֵ/אֶ֣רֶץ</w>
        <w>מִצְרָ֑יִם</w>
        <w>אַרְאֶ֖/נּוּ</w>
        <w>נִפְלָאֽוֹת׃</w>
      </v>
      <v n="16">
        <w>יִרְא֤וּ</w>
        <w>גוֹיִם֙</w>
        <w>וְ/יֵבֹ֔שׁוּ</w>
        <w>מִ/כֹּ֖ל</w>
        <w>גְּבֽוּרָתָ֑/ם</w>
        <w>יָשִׂ֤ימוּ</w>
        <w>יָד֙</w>
        <w>עַל־</w>
        <w>פֶּ֔ה</w>
        <w>אָזְנֵי/הֶ֖ם</w>
        <w>תֶּחֱרַֽשְׁנָה׃</w>
      </v>
      <v n="17">
        <w>יְלַחֲכ֤וּ</w>
        <w>עָפָר֙</w>
        <w>כַּ/נָּחָ֔שׁ</w>
        <w>כְּ/זֹחֲלֵ֣י</w>
        <w>אֶ֔רֶץ</w>
        <w>יִרְגְּז֖וּ</w>
        <w>מִ/מִּסְגְּרֹֽתֵי/הֶ֑ם</w>
        <w>אֶל־</w>
        <w>יְהוָ֤ה</w>
        <w>אֱלֹהֵ֙י/נוּ֙</w>
        <w>יִפְחָ֔דוּ</w>
        <w>וְ/יִֽרְא֖וּ</w>
        <w>מִמֶּֽ/ךָּ׃</w>
      </v>
      <v n="18">
        <w>מִי־</w>
        <w>אֵ֣ל</w>
        <w>כָּמ֗וֹ/ךָ</w>
        <w>נֹשֵׂ֤א</w>
        <w>עָוֺן֙</w>
        <w>וְ/עֹבֵ֣ר</w>
        <w>עַל־</w>
        <w>פֶּ֔שַׁע</w>
        <w>לִ/שְׁאֵרִ֖ית</w>
        <w>נַחֲלָת֑/וֹ</w>
        <w>לֹא־</w>
        <w>הֶחֱזִ֤יק</w>
        <w>לָ/עַד֙</w>
        <w>אַפּ֔/וֹ</w>
        <w>כִּֽי־</w>
        <w>חָפֵ֥ץ</w>
        <w>חֶ֖סֶד</w>
        <w>הֽוּא׃</w>
      </v>
      <v n="19">
        <w>יָשׁ֣וּב</w>
        <w>יְרַֽחֲמֵ֔/נוּ</w>
        <w>יִכְבֹּ֖שׁ</w>
        <w>עֲוֺֽנֹתֵ֑י/נוּ</w>
        <w>וְ/תַשְׁלִ֛יךְ</w>
        <w>בִּ/מְצֻל֥וֹת</w>
        <w>יָ֖ם</w>
        <w>כָּל־</w>
        <w>חַטֹּאותָֽ/ם׃</w>
      </v>
      <v n="20">
        <w>תִּתֵּ֤ן</w>
        <w>אֱמֶת֙</w>
        <w>לְ/יַֽעֲקֹ֔ב</w>
        <w>חֶ֖סֶד</w>
        <w>לְ/אַבְרָהָ֑ם</w>
        <w>אֲשֶׁר־</w>
        <w>נִשְׁבַּ֥עְתָּ</w>
        <w>לַ/אֲבֹתֵ֖י/נוּ</w>
        <w>מִ֥/ימֵי</w>
        <w>קֶֽדֶם׃</w>
      </v>
      <vs>20</vs>
    </c>
    <vs>105</vs>
    <cs>7</cs>
  </book>
</tanach>
<notes>
  <note>
    <code>1</code>
    <gccode>1</gccode>
    <note>BHS has been faithful to the Leningrad Codex where there might be a question of the validity of the form and we keep the same form as BHS. </note>
  </note>
  <note>
    <code>2</code>
    <gccode>4</gccode>
    <note>Puncta extraordinaria -- a \u05c4 is used to mark such marks in the text when they are above the line and a \u05c5 when they are below the line. </note>
  </note>
  <note>
    <code>3</code>
    <gccode>5</gccode>
    <note>Large letter(s). Shown as large letters without a superscript note number. </note>
  </note>
  <note>
    <code>4</code>
    <gccode>6</gccode>
    <note>Small letter(s). Shown as small letters without a superscript note number. </note>
  </note>
  <note>
    <code>5</code>
    <gccode>7</gccode>
    <note>Suspended letter(s). Shown as suspended letters without a superscript note number. </note>
  </note>
  <note>
    <code>6</code>
    <gccode>8</gccode>
    <note>Inverted nun in the text. </note>
  </note>
  <note>
    <code>7</code>
    <gccode>a</gccode>
    <note>Adaptations to a Qere which L and BHS, by their design, do not indicate. </note>
  </note>
  <note>
    <code>8</code>
    <gccode>c</gccode>
    <note>We read one or more accents in L differently than BHS. Often this notation indicates a typographical error in BHS. </note>
  </note>
  <note>
    <code>9</code>
    <gccode>k</gccode>
    <note>We read one or more consonants in L differently from BHS. </note>
  </note>
  <note>
    <code>10</code>
    <gccode>n</gccode>
    <note>Marks an anomalous form. </note>
  </note>
  <note>
    <code>11</code>
    <gccode>p</gccode>
    <note>We read punctuation in L differently from BHS. </note>
  </note>
  <note>
    <code>12</code>
    <gccode>q</gccode>
    <note>We have abandoned or added a ketib/qere relative to BHS. In doing this we agree with L against BHS. </note>
  </note>
  <note>
    <code>13</code>
    <gccode>v</gccode>
    <note>We read one or more vowels in L differently from BHS. </note>
  </note>
  <note>
    <code>14</code>
    <gccode>y</gccode>
    <note>Yathir readings in L which we have designated as Qeres when both Dothan and BHS list a Qere. </note>
  </note>
  <note>
    <code>15</code>
    <gccode>C</gccode>
    <note>We read one or more accents in L differently from BHQ. </note>
  </note>
  <note>
    <code>16</code>
    <gccode>F</gccode>
    <note>Marks a consonant with an anomalous final form that is word-medial.</note>
  </note>
  <note>
    <code>17</code>
    <gccode>K</gccode>
    <note>We read one or more consonants in L differently from BHQ. </note>
  </note>
  <note>
    <code>18</code>
    <gccode>M</gccode>
    <note>Marks a word with a final consonant that is a medial (not a final) form. </note>
  </note>
  <note>
    <code>19</code>
    <gccode>P</gccode>
    <note>We read the punctuation in L differently from BHQ. </note>
  </note>
  <note>
    <code>20</code>
    <gccode>Q</gccode>
    <note>Marks a place where we agree with BHQ against BHS in reading L. </note>
  </note>
  <note>
    <code>21</code>
    <gccode>U</gccode>
    <note>We agree with both BHS 1997 and BHQ on an unexpected reading. </note>
  </note>
  <note>
    <code>22</code>
    <gccode>V</gccode>
    <note>We read one or more vowels in L differently from BHQ. </note>
  </note>
</notes>
</Tanach>