<?xml version="1.0" encoding="UTF-8"?>
<xsl:stylesheet 
    xmlns:xsl="http://www.w3.org/1999/XSL/Transform"
    xmlns:office="urn:oasis:names:tc:opendocument:xmlns:office:1.0"    
    xmlns:fo="http://www.w3.org/1999/XSL/Format" 
    xmlns:text="urn:oasis:names:tc:opendocument:xmlns:text:1.0" 
    xmlns:table="urn:oasis:names:tc:opendocument:xmlns:table:1.0"    
    xmlns:style="urn:oasis:names:tc:opendocument:xmlns:style:1.0"
    xmlns:svg="urn:oasis:names:tc:opendocument:xmlns:svg-compatible:1.0"
    xmlns:draw="urn:oasis:names:tc:opendocument:xmlns:drawing:1.0"   
    xmlns:xlink="http://www.w3.org/1999/xlink"
    version="1.0">
<!--=========================================================================-->
<!--=========================================================================-->
<!--
        XSL stylesheet for producing content.xml component of ODT files.
       
       15 Nov 2010

-->
<!--=========================================================================-->
  <xsl:variable name="xsldate">20 Jun 2013</xsl:variable>
<!-- Parameter conversiondate is the date of fo conversion.  -->
<xsl:param name="conversiondate">25 Nov 2010</xsl:param>
<!-- Parameter build is the build number.  -->
<xsl:param name="build">25.1</xsl:param>
<!-- Output format for fo-conversion, allowable: PDF, PostScript.                                       -->
<xsl:variable name="outputformat">ODT</xsl:variable>
<!--=========================================================================-->

<!-- Chapter-LastChapter specification parameters, set initially to show the whole book.                -->

<xsl:param name="chapter" >1</xsl:param>                                                              
<xsl:param name="lastchapter" >1000</xsl:param>  
<xsl:param name="verse" >1</xsl:param>                                                              
<xsl:param name="lastverse" >1000</xsl:param>  

<!-- Parameter alignment gives the percentage of margin space on the left side of the text.             -->
<!-- alignment='50' is centered, alignment='0' is aligned to the left,                                  -->
<!-- alignment='100' is aligned to the right.                             [URL name: alignment]         -->
<xsl:param name="alignment">50</xsl:param>                                   
<!-- Parameter columncount sets number of columns on a text page,                                       -->
<!--   either 1 or 2.                                                     [URL name: columns]           -->
<xsl:param name="columncount">2</xsl:param>
<!-- Variable content chooses how to display chapter content.             [URL name: content]           -->
<!-- Currently allowable: Morphology, Accents, Vowels, Consonants.                                      -->
<xsl:param name="content">Accents</xsl:param>  
<!-- Font for English text                                                [URL name: Englishfontfamily] -->
<xsl:param name="englishfontfamily">Times</xsl:param>
<!-- Variable fontsize gives the size of the fonts in points.             [URL name: font]              -->
<xsl:param name="fontsize">16</xsl:param> 
<!-- Font for Hebrew text                                                 [URL name: fontfamily]        -->
<xsl:param name="fontfamily">SBL Hebrew</xsl:param>
<!-- Parameter gutter sets page gutter which is always for                                              -->
<!-- right-side binding, in inches.                                       [URL name: gutter]            -->
<xsl:param name="gutter">0.75</xsl:param>
<!-- Controls the size of text in the citation label                      [URL name: labelsize]         -->
<xsl:param name="labelsize">24</xsl:param>
<!-- Currently allowable: Full, Note-free, Text-only, Qere-only           [URL name: layout]            -->
<xsl:param name="format">Full</xsl:param>  
<!-- Variable lineheight gives the relative line height as a % of normal. [URL name: lineheight]        -->
<xsl:param name="lineheight">80</xsl:param> 
<!-- Parameter margin sets left/right page margins before the gutter,                                   -->
<!-- in inches.                                                           [URL name: margin]            -->
<xsl:param name="margin">0.5</xsl:param>
<!-- Parameter textalign sets the text alignment, either left or justify. [URL name: textalign]         -->
<xsl:param name="textalign">justify</xsl:param>
<!-- Variable chapterwidth gives % width in layouts                       [URL name: width]             -->
<xsl:param name="chapterwidth">100</xsl:param>

<!-- Set the text region body to reflect the given chapterwidth variable. -->

<xsl:variable name="guttermargin" select="$margin + $gutter"/>
<xsl:variable name="totalmarginwidth" select="2*$margin + $gutter"/>

<xsl:variable name="viewablewidth" select="8.5 - $totalmarginwidth"/>
<xsl:variable name="marginwidth" select="$viewablewidth*( 1 - ($chapterwidth div 100)) div number($columncount)"/>
<xsl:variable name="pctright" select="$alignment div 100"/>
<xsl:variable name="pctleft" select="1.0 - $pctright"/>
<xsl:variable name="marginright" select="$marginwidth*$pctright"/>
<xsl:variable name="marginleft" select="$marginwidth*$pctleft"/>

<!-- Variable mdividerOut contains the morphogical divider OUTPUT by the file, &#x00A6;.                 -->
<xsl:variable name="mdividerOut">&#x00A6;</xsl:variable>

<!--========================================================================-->
<!--
        Core of  processing
-->
<!--========================================================================-->

<xsl:template match="/">

<!--===========================================================================-->

<office:document-styles xmlns:office="urn:oasis:names:tc:opendocument:xmlns:office:1.0" xmlns:style="urn:oasis:names:tc:opendocument:xmlns:style:1.0" xmlns:text="urn:oasis:names:tc:opendocument:xmlns:text:1.0" xmlns:table="urn:oasis:names:tc:opendocument:xmlns:table:1.0" xmlns:draw="urn:oasis:names:tc:opendocument:xmlns:drawing:1.0" xmlns:fo="urn:oasis:names:tc:opendocument:xmlns:xsl-fo-compatible:1.0" xmlns:xlink="http://www.w3.org/1999/xlink" xmlns:dc="http://purl.org/dc/elements/1.1/" xmlns:meta="urn:oasis:names:tc:opendocument:xmlns:meta:1.0" xmlns:number="urn:oasis:names:tc:opendocument:xmlns:datastyle:1.0" xmlns:svg="urn:oasis:names:tc:opendocument:xmlns:svg-compatible:1.0" xmlns:chart="urn:oasis:names:tc:opendocument:xmlns:chart:1.0" xmlns:dr3d="urn:oasis:names:tc:opendocument:xmlns:dr3d:1.0" xmlns:math="http://www.w3.org/1998/Math/MathML" xmlns:form="urn:oasis:names:tc:opendocument:xmlns:form:1.0" xmlns:script="urn:oasis:names:tc:opendocument:xmlns:script:1.0" xmlns:ooo="http://openoffice.org/2004/office" xmlns:ooow="http://openoffice.org/2004/writer" xmlns:oooc="http://openoffice.org/2004/calc" xmlns:dom="http://www.w3.org/2001/xml-events" xmlns:rpt="http://openoffice.org/2005/report" xmlns:of="urn:oasis:names:tc:opendocument:xmlns:of:1.2" xmlns:xhtml="http://www.w3.org/1999/xhtml" xmlns:grddl="http://www.w3.org/2003/g/data-view#" office:version="1.2" grddl:transformation="http://docs.oasis-open.org/office/1.2/xslt/odf2rdf.xsl">

<office:font-face-decls>

  <style:font-face style:name="{$fontfamily}" svg:font-family="&apos;{$fontfamily}&apos;" style:font-adornments="Regular" style:font-pitch="variable"/>
  <style:font-face style:name="Times New Roman" style:font-family-generic="roman" style:font-pitch="variable"/>
  <style:font-face style:name="Times New Roman1" svg:font-family="&apos;Times New Roman&apos;" style:font-adornments="Bold" style:font-family-generic="roman" />	
  <style:font-face style:name="Tahoma1" svg:font-family="Tahoma"/><style:font-face style:name="Times" svg:font-family="Times"/>
  <style:font-face style:name="SBL Hebrew" svg:font-family="&apos;SBL Hebrew&apos;" style:font-adornments="Regular" style:font-pitch="variable"/>
  <style:font-face style:name="Arial" svg:font-family="Arial" style:font-family-generic="swiss" style:font-pitch="variable"/>
  <style:font-face style:name="SimSun" svg:font-family="SimSun" style:font-family-generic="system" style:font-pitch="variable"/>
  <style:font-face style:name="Tahoma" svg:font-family="Tahoma" style:font-family-generic="system" style:font-pitch="variable"/>    
</office:font-face-decls>
<!--===========================================================================-->
	
<office:styles>

				
<style:style style:name="Footnote" style:family="paragraph" style:parent-style-name="Standard" style:class="extra">
  <style:paragraph-properties fo:margin-left="0.1965in" fo:margin-right="0in" fo:text-indent="-0.1965in" style:auto-text-indent="false" text:number-lines="false" text:line-number="0"/>
  <style:text-properties fo:font-family="Times New Roman" fo:font-size="10pt"/>
</style:style>

<style:default-style style:family="graphic">
  <style:graphic-properties draw:shadow-offset-x="0.1181in" draw:shadow-offset-y="0.1181in" draw:start-line-spacing-horizontal="0.1114in" draw:start-line-spacing-vertical="0.1114in" draw:end-line-spacing-horizontal="0.1114in" draw:end-line-spacing-vertical="0.1114in" style:flow-with-text="false"/>
  <style:paragraph-properties style:text-autospace="ideograph-alpha" style:line-break="strict" style:writing-mode="lr-tb" style:font-independent-line-spacing="false">
    <style:tab-stops/>
  </style:paragraph-properties>
  <style:text-properties style:use-window-font-color="true" fo:font-size="12pt" fo:language="en" fo:country="US" style:letter-kerning="true" style:font-size-asian="12pt" style:language-asian="zh" style:country-asian="CN" style:font-size-complex="12pt" style:language-complex="he" style:country-complex="IL"/>
</style:default-style>

<style:default-style style:family="paragraph">
  <style:paragraph-properties fo:hyphenation-ladder-count="no-limit" style:text-autospace="ideograph-alpha" style:punctuation-wrap="hanging" style:line-break="strict" style:tab-stop-distance="0.4925in" style:writing-mode="page"/>
  <style:text-properties style:use-window-font-color="true" style:font-name="Times New Roman" fo:font-size="12pt" fo:language="en" fo:country="US" style:letter-kerning="true" style:font-name-asian="SimSun" style:font-size-asian="12pt" style:language-asian="zh" style:country-asian="CN" style:font-name-complex="Tahoma" style:font-size-complex="12pt" style:language-complex="he" style:country-complex="IL" fo:hyphenate="false" fo:hyphenation-remain-char-count="2" fo:hyphenation-push-char-count="2"/>
</style:default-style>

<style:default-style style:family="table">
  <style:table-properties table:border-model="collapsing"/>
</style:default-style>

<style:default-style style:family="table-row">
  <style:table-row-properties fo:keep-together="auto"/>
</style:default-style>

<style:style style:name="Standard" style:family="paragraph" style:class="text"/>

<style:style style:name="Heading" style:family="paragraph" style:parent-style-name="Standard" style:next-style-name="Text_20_body" style:class="text">
  <style:paragraph-properties fo:margin-top="0.1665in" fo:margin-bottom="0.0835in" fo:keep-with-next="always"/>
  <style:text-properties style:font-name="Arial" fo:font-size="14pt" style:font-name-asian="SimSun" style:font-size-asian="14pt" style:font-name-complex="Tahoma" style:font-size-complex="14pt"/>
</style:style>

<style:style style:name="Text_20_body" style:display-name="Text body" style:family="paragraph" style:parent-style-name="Standard" style:class="text">
  <style:paragraph-properties fo:margin-top="0in" fo:margin-bottom="0.0835in"/>
</style:style>

<style:style style:name="List" style:family="paragraph" style:parent-style-name="Text_20_body" style:class="list">
  <style:text-properties style:font-name-complex="Tahoma1"/>
</style:style>

<style:style style:name="Caption" style:family="paragraph" style:parent-style-name="Standard" style:class="extra">
  <style:paragraph-properties fo:margin-top="0.0835in" fo:margin-bottom="0.0835in" text:number-lines="false" text:line-number="0"/>
  <style:text-properties fo:font-size="12pt" fo:font-style="italic" style:font-size-asian="12pt" style:font-style-asian="italic" style:font-name-complex="Tahoma1" style:font-size-complex="12pt" style:font-style-complex="italic"/>
</style:style>

<style:style style:name="Index" style:family="paragraph" style:parent-style-name="Standard" style:class="index">
  <style:paragraph-properties text:number-lines="false" text:line-number="0"/><style:text-properties style:font-name-complex="Tahoma1"/>
</style:style>

<style:style style:name="Header" style:family="paragraph" style:parent-style-name="Standard" style:class="extra"><style:paragraph-properties text:number-lines="false" text:line-number="0">
  <style:tab-stops>
    <style:tab-stop style:position="3.4626in" style:type="center"/><style:tab-stop style:position="6.9252in" style:type="right"/>
  </style:tab-stops></style:paragraph-properties>
</style:style>

<style:style style:name="Footer" style:family="paragraph" style:parent-style-name="Standard" style:class="extra">
  <style:paragraph-properties text:number-lines="false" text:line-number="0">
  <style:tab-stops><style:tab-stop style:position="3.4626in" style:type="center"/>
    <style:tab-stop style:position="6.9252in" style:type="right"/>
  </style:tab-stops></style:paragraph-properties>
</style:style>

<style:style style:name="Footnote" style:family="paragraph" style:parent-style-name="Standard" style:class="extra">
  <style:paragraph-properties fo:margin-left="0.1965in" fo:margin-right="0in" fo:text-indent="-0.1965in" style:auto-text-indent="false" text:number-lines="false" text:line-number="0"/>
  <style:text-properties fo:font-size="10pt" style:font-size-asian="10pt" style:font-size-complex="10pt"/>
</style:style>

<style:style style:name="Table_20_Contents" style:display-name="Table Contents" style:family="paragraph" style:parent-style-name="Standard" style:class="extra">
  <style:paragraph-properties text:number-lines="false" text:line-number="0"/>
</style:style>

<style:style style:name="Table_20_Heading" style:display-name="Table Heading" style:family="paragraph" style:parent-style-name="Table_20_Contents" style:class="extra">
  <style:paragraph-properties fo:text-align="center" style:justify-single-word="false" text:number-lines="false" text:line-number="0"/>
  <style:text-properties fo:font-weight="bold" style:font-weight-asian="bold" style:font-weight-complex="bold"/>
</style:style>

<style:style style:name="WLC-descriptor" style:family="paragraph" style:parent-style-name="Standard" style:class="text">
  <style:paragraph-properties fo:margin-top="0.2in" fo:margin-bottom="0.1in" fo:line-height="85%" fo:text-align="start" style:justify-single-word="false" style:writing-mode="lr-tb"/>
  <style:text-properties fo:font-weight="normal" style:font-weight-asian="normal" style:font-name-complex="SBL Hebrew" style:font-size-complex="16pt" style:font-weight-complex="normal"/>
</style:style>

<style:style style:name="WLC-name" style:family="paragraph" style:parent-style-name="descriptor">
  <style:paragraph-properties fo:margin-top="0in" fo:margin-bottom="0.0201in" fo:text-align="center" style:justify-single-word="false"/>
  <style:text-properties fo:font-weight="bold"/>
</style:style>

<style:style style:name="WLC-mail" style:family="paragraph" style:parent-style-name="Standard">
  <style:paragraph-properties fo:margin-left="0.0201in" fo:margin-right="0in" fo:margin-top="0in" fo:margin-bottom="0.1598in" fo:line-height="85%" fo:text-align="center" style:justify-single-word="false" fo:text-indent="0in" style:auto-text-indent="false" style:writing-mode="lr-tb"/>
  <style:text-properties style:text-underline-style="none" fo:font-weight="bold" style:font-weight-asian="bold" style:font-name-complex="SBL Hebrew" style:font-size-complex="16pt" style:font-weight-complex="bold"/>
</style:style>

<style:style style:name="WLC-textnotes" style:family="paragraph" style:parent-style-name="descriptor" style:class="text">
  <style:paragraph-properties fo:margin-left="0.5in" fo:margin-right="0.5in" fo:margin-top="0.5in" fo:margin-bottom="0.1in" fo:line-height="85%" fo:text-align="start" style:justify-single-word="false" fo:text-indent="0in" style:auto-text-indent="false" fo:padding="0.2in" fo:border="0.0071in solid #000000" style:shadow="none" style:writing-mode="lr-tb"/>
  <style:text-properties fo:font-size="10pt" fo:font-weight="normal" style:font-size-asian="10pt" style:font-weight-asian="normal" style:font-name-complex="SBL Hebrew" style:font-size-complex="10pt" style:font-weight-complex="normal"/>
</style:style>

<style:style style:name="WLC-bookname" style:family="paragraph" style:parent-style-name="Standard" style:class="text">
  <style:paragraph-properties fo:margin-left="0in" fo:margin-right="0in" fo:margin-top="0.4in" fo:margin-bottom="0.1in" fo:line-height="85%" fo:text-align="center" style:justify-single-word="false" fo:text-indent="0in" style:auto-text-indent="false" style:writing-mode="lr-tb"/>
  <style:text-properties fo:font-size="24pt" fo:font-weight="bold" style:font-size-asian="24pt" style:font-weight-asian="bold" style:font-name-complex="SBL Hebrew" style:font-size-complex="24pt" style:font-weight-complex="bold"/>
</style:style>

<style:style style:name="WLC-publicdomain" style:family="paragraph" style:parent-style-name="Standard" style:class="text">
  <style:paragraph-properties fo:margin-left="0.5201in" fo:margin-right="0.5in" fo:margin-top="0.3in" fo:margin-bottom="0.1799in" fo:text-align="center" style:justify-single-word="false" fo:text-indent="0in" style:auto-text-indent="false" style:border-line-width="0.0008in 0.0346in 0.0008in" fo:padding="0.2in" fo:border="0.0362in double #000000" style:shadow="none" style:writing-mode="lr-tb"/>
  <style:text-properties fo:font-size="16pt" fo:font-weight="bold"/>
</style:style>

<style:style style:name="WLC-wlc" style:family="paragraph" style:parent-style-name="Standard" style:class="text">
  <style:paragraph-properties fo:margin-top="0in" fo:margin-bottom="0.1in" fo:line-height="85%" fo:text-align="center" style:justify-single-word="false" style:writing-mode="lr-tb"/>
  <style:text-properties fo:font-size="16pt" fo:font-weight="bold" style:font-size-asian="16pt" style:font-weight-asian="bold" style:font-name-complex="SBL Hebrew" style:font-size-complex="16pt" style:font-weight-complex="bold"/>
</style:style>

<style:style style:name="WLC-version" style:family="paragraph" style:parent-style-name="Standard" style:class="text">
  <style:paragraph-properties fo:margin-top="0in" fo:margin-bottom="0.1in" fo:line-height="85%" fo:text-align="center" style:justify-single-word="false" style:writing-mode="lr-tb"/>
  <style:text-properties fo:font-size="14pt" fo:font-weight="bold" style:font-size-asian="14pt" style:font-weight-asian="bold" style:font-name-complex="SBL Hebrew" style:font-size-complex="14pt" style:font-weight-complex="bold"/>
</style:style>

<style:style style:name="Footnote_20_Symbol" style:display-name="Footnote Symbol" style:family="text"/>

<style:style style:name="Footnote_20_anchor" style:display-name="Footnote anchor" style:family="text">
  <style:text-properties style:text-position="super 58%"/></style:style><style:style style:name="Internet_20_link" style:display-name="Internet link" style:family="text">
  <style:text-properties fo:color="#000080" fo:language="zxx" fo:country="none" style:text-underline-style="solid" style:text-underline-width="auto" style:text-underline-color="font-color" style:language-asian="zxx" style:country-asian="none" style:language-complex="zxx" style:country-complex="none"/>
</style:style>

<style:style style:name="WLC-descriptor" style:family="text">
  <style:text-properties fo:font-weight="normal" style:font-weight-asian="normal" style:font-name-complex="SBL Hebrew" style:font-size-complex="16pt" style:font-weight-complex="normal"/>
</style:style>

<style:style style:name="WLC-pagenumber" style:family="text"><style:text-properties fo:font-size="20pt" fo:font-weight="bold" style:font-size-asian="20pt" style:font-weight-asian="bold" style:font-size-complex="20pt" style:font-weight-complex="bold"/>
</style:style>

<style:style style:name="Graphics" style:family="graphic">
  <style:graphic-properties text:anchor-type="paragraph" svg:x="0in" svg:y="0in" style:wrap="none" style:vertical-pos="top" style:vertical-rel="paragraph" style:horizontal-pos="center" style:horizontal-rel="paragraph"/>
</style:style>

<style:style style:name="WLC-morphology" style:family="paragraph" style:parent-style-name="descriptor">
  <style:paragraph-properties fo:margin-top=".25in" fo:margin-bottom=".25in" fo:text-align="center" style:justify-single-word="false"/>
  <style:text-properties fo:font-weight="bold"/>
</style:style>

<text:outline-style style:name="Outline"><text:outline-level-style text:level="1" style:num-format="">
  <style:list-level-properties text:list-level-position-and-space-mode="label-alignment">
     <style:list-level-label-alignment text:label-followed-by="listtab" text:list-tab-stop-position="0.3in" fo:text-indent="-0.3in" fo:margin-left="0.3in"/>
  </style:list-level-properties>
</text:outline-level-style>

<text:outline-level-style text:level="2" style:num-format="">
  <style:list-level-properties text:list-level-position-and-space-mode="label-alignment">
    <style:list-level-label-alignment text:label-followed-by="listtab" text:list-tab-stop-position="0.4in" fo:text-indent="-0.4in" fo:margin-left="0.4in"/>
  </style:list-level-properties>
</text:outline-level-style>

<text:outline-level-style text:level="3" style:num-format="">
  <style:list-level-properties text:list-level-position-and-space-mode="label-alignment">
    <style:list-level-label-alignment text:label-followed-by="listtab" text:list-tab-stop-position="0.5in" fo:text-indent="-0.5in" fo:margin-left="0.5in"/>
  </style:list-level-properties></text:outline-level-style><text:outline-level-style text:level="4" style:num-format="">
  <style:list-level-properties text:list-level-position-and-space-mode="label-alignment">
    <style:list-level-label-alignment text:label-followed-by="listtab" text:list-tab-stop-position="0.6in" fo:text-indent="-0.6in" fo:margin-left="0.6in"/>
  </style:list-level-properties></text:outline-level-style><text:outline-level-style text:level="5" style:num-format="">
  <style:list-level-properties text:list-level-position-and-space-mode="label-alignment">
    <style:list-level-label-alignment text:label-followed-by="listtab" text:list-tab-stop-position="0.7in" fo:text-indent="-0.7in" fo:margin-left="0.7in"/>
  </style:list-level-properties></text:outline-level-style><text:outline-level-style text:level="6" style:num-format="">
  <style:list-level-properties text:list-level-position-and-space-mode="label-alignment">
    <style:list-level-label-alignment text:label-followed-by="listtab" text:list-tab-stop-position="0.8in" fo:text-indent="-0.8in" fo:margin-left="0.8in"/>
  </style:list-level-properties></text:outline-level-style><text:outline-level-style text:level="7" style:num-format="">
  <style:list-level-properties text:list-level-position-and-space-mode="label-alignment">
    <style:list-level-label-alignment text:label-followed-by="listtab" text:list-tab-stop-position="0.9in" fo:text-indent="-0.9in" fo:margin-left="0.9in"/>
  </style:list-level-properties></text:outline-level-style><text:outline-level-style text:level="8" style:num-format="">
  <style:list-level-properties text:list-level-position-and-space-mode="label-alignment">
    <style:list-level-label-alignment text:label-followed-by="listtab" text:list-tab-stop-position="1in" fo:text-indent="-1in" fo:margin-left="1in"/>
  </style:list-level-properties></text:outline-level-style><text:outline-level-style text:level="9" style:num-format="">
  <style:list-level-properties text:list-level-position-and-space-mode="label-alignment">
    <style:list-level-label-alignment text:label-followed-by="listtab" text:list-tab-stop-position="1.1in" fo:text-indent="-1.1in" fo:margin-left="1.1in"/>
  </style:list-level-properties>
</text:outline-level-style>

<text:outline-level-style text:level="10" style:num-format="">
  <style:list-level-properties text:list-level-position-and-space-mode="label-alignment">
    <style:list-level-label-alignment text:label-followed-by="listtab" text:list-tab-stop-position="1.2in" fo:text-indent="-1.2in" fo:margin-left="1.2in"/>
  </style:list-level-properties></text:outline-level-style>
</text:outline-style>

<text:notes-configuration text:note-class="footnote" text:citation-style-name="Footnote_20_Symbol" text:citation-body-style-name="Footnote_20_anchor" style:num-format="1" text:start-value="0" text:footnotes-position="page" text:start-numbering-at="document"/>

<text:notes-configuration text:note-class="endnote" style:num-format="i" text:start-value="0"/>

<text:linenumbering-configuration text:number-lines="false" text:offset="0.1965in" style:num-format="1" text:number-position="left" text:increment="5"/>
  
  <style:style style:name="WLC-englishbookheader" style:display-name="WLC-englishbookheader" style:family="paragraph" style:parent-style-name="Standard" style:class="text">
	<style:paragraph-properties  fo:margin-top="0in" fo:margin-bottom="0.1in" fo:text-align="center" style:writing-mode="lr-tb"/>
		     <style:text-properties fo:font-size="{$labelsize}pt" fo:font-family="'{$englishfontfamily}'" />
  </style:style>
		
  <style:style style:name="WLC-hebrewbookheader" style:family="paragraph" style:parent-style-name="Standard" style:class="text">
	<style:paragraph-properties fo:margin-top="0in" fo:margin-bottom="0.25in" fo:text-align="center" style:justify-single-word="false"/>
	<style:text-properties style:font-name-complex="{$fontfamily}" style:font-size-complex="{$labelsize}pt"/>
  </style:style>


		
        <style:style style:name="WLC-chapter" 
          style:family="paragraph" 
          style:parent-style-name="Standard" 
          style:class="text">
			<style:paragraph-properties 
			  fo:margin-top="0in" 
			  fo:margin-bottom="0.1in" 
			  fo:margin-left="{$marginleft}in"
			  fo:margin-right="{$marginright}in"
			  fo:text-align="{$textalign}" 
			  fo:line-height="{$lineheight}%"
			  style:justify-single-word="false"/>
			<style:text-properties 
			  style:font-name-complex="{$fontfamily}" 
			  style:font-size-complex="{$fontsize}pt"/>
		</style:style>
		
 		<style:style style:name="WLC-chaptermarker" style:family="paragraph" style:parent-style-name="Standard" style:list-style-name="">
			<style:text-properties text:display="none"
			  style:font-name-complex="{$englishfontfamily}" 
			  style:font-size-complex="{$labelsize}pt"/>
		</style:style>
		
 		<style:style style:name="WLC-conversiondate" style:family="paragraph" style:parent-style-name="Standard" >
			<style:paragraph-properties 
			  fo:margin-top="0.2in" 
			  fo:text-align="center"
			  fo:margin-bottom="0.0in"/>
			<style:text-properties 
			  style:font-name-complex="{$englishfontfamily}" 
			  style:font-size-complex="{$fontsize}pt"/>
		</style:style>

        <style:style style:name="WLC-chapternumber" style:family="text">
			<style:text-properties
			  fo:font-size="140%" 
			  style:font-name-complex="'{$englishfontfamily}'" 
			  style:font-size-complex="{$labelsize}pt" 
			  style:font-weight-complex="bold"/>
		</style:style>
				
        <style:style style:name="WLC-versenumber" style:family="text">
			<style:text-properties 
			  fo:color="#0000ff" 
			  style:text-position="40% 60%" 
			  style:font-size-complex="16pt" 
			  fo:font-size="16pt" 
			  style:font-name-complex="'{$englishfontfamily}'" 
			  style:font-weight-complex="bold"/>		
		</style:style>	
			
        <style:style style:name="WLC-ketiv" style:family="text">
			<style:text-properties 
			  fo:color="#ff0000" 
			  style:text-position="25% 70%" 
			  />		
		</style:style>	
			
        <style:style style:name="WLC-qere" style:family="text">
			<style:text-properties 
			  fo:color="#0000ff" />		
		</style:style>		
		
        <style:style style:name="WLC-note" style:family="text">
			<style:text-properties 
			  fo:color="#ff0000" 
			  style:text-position="20% 60%" 
			  fo:font-size="16pt" 
			  style:font-name="'{$englishfontfamily}'" 
			  style:font-weight-complex="bold"/>		
		</style:style>

        <style:style style:name="WLC-endoftext" style:family="paragraph" style:parent-style-name="Standard">
          <style:paragraph-properties fo:margin-left="0.2402in" fo:margin-right="0.2402in" fo:margin-top="0.1in" fo:margin-bottom="0in"  fo:line-height="100%" fo:text-align="center" style:justify-single-word="false" fo:text-indent="0in" style:auto-text-indent="false" style:border-line-width-top="0.0008in 0.0346in 0.0008in" fo:padding="0.1in" fo:border-left="none" fo:border-right="none" fo:border-top="0.0362in double #000000" fo:border-bottom="none" style:shadow="none" style:writing-mode="lr-tb"/>
          <style:text-properties fo:font-weight="bold" style:font-weight-complex="bold" style:font-name="'{$englishfontfamily}'" style:font-size-complex="30pt" />
        </style:style>
        
        <style:style style:name="WLC-notebody" 
          style:family="paragraph" 
          style:parent-style-name="Footnote" 
          style:master-page-name="">
		  <style:paragraph-properties style:page-number="auto" style:writing-mode="lr-tb" fo:margin-top="0.04in" fo:margin-bottom="0.02in"/>
		</style:style>
		<style:style style:name="WLC-small" style:family="text">
			<style:text-properties style:text-position="0% 70%" />
		</style:style>	
		<style:style style:name="WLC-large" style:family="text">
			<style:text-properties style:text-position="0% 120%" />
		</style:style>	
        <style:style style:name="WLC-suspended" style:family="text">
			<style:text-properties style:text-position="20% 100%" />
		</style:style>	
		
		<style:style style:name="P10" style:family="paragraph" style:parent-style-name="name">
			<style:text-properties fo:font-style="italic" style:font-style-asian="italic" style:font-style-complex="italic"/>
		</style:style>
		<style:style style:name="P13" style:family="paragraph" style:parent-style-name="Standard">
			<style:paragraph-properties fo:margin-top="0in" fo:margin-bottom="0.1in" fo:line-height="85%" fo:text-align="center" style:justify-single-word="false" style:writing-mode="lr-tb"/>
			<style:text-properties fo:font-weight="bold" style:font-weight-asian="bold" style:font-name-complex="{$fontfamily}" style:font-size-complex="16pt" style:font-weight-complex="bold"/>
		</style:style>
		<style:style style:name="P14" style:family="paragraph" style:parent-style-name="Standard">
			<style:paragraph-properties fo:margin-top="0in" fo:margin-bottom="0.1in" fo:line-height="85%" fo:text-align="center" style:justify-single-word="false" style:writing-mode="lr-tb"/>
			<style:text-properties fo:font-size="16pt" fo:font-weight="bold" style:font-size-asian="16pt" style:font-weight-asian="bold" style:font-name-complex="{$fontfamily}" style:font-size-complex="16pt" style:font-weight-complex="bold"/>
		</style:style>
		<style:style style:name="P15" style:family="paragraph" style:parent-style-name="Standard">
			<style:paragraph-properties fo:margin-top="0in" fo:margin-bottom="0.1in" fo:line-height="85%" fo:text-align="center" style:justify-single-word="false" style:writing-mode="lr-tb"/>
			<style:text-properties fo:font-size="14pt" fo:font-weight="bold" style:font-size-asian="14pt" style:font-weight-asian="bold" style:font-name-complex="{$fontfamily}" style:font-size-complex="14pt" style:font-weight-complex="bold"/>
		</style:style>
		<style:style style:name="P16" style:family="paragraph" style:parent-style-name="Standard" style:master-page-name="WLC-final">
			<style:paragraph-properties fo:margin-top="0in" fo:margin-bottom="0.1in" fo:line-height="85%" fo:text-align="center" style:justify-single-word="false" style:page-number="auto" style:writing-mode="lr-tb"/>
			<style:text-properties fo:font-weight="bold" style:font-weight-asian="bold" style:font-name-complex="{$fontfamily}" style:font-size-complex="16pt" style:font-weight-complex="bold"/>
		</style:style>
		<style:style style:name="P17" style:family="paragraph" style:parent-style-name="Standard">
			<style:paragraph-properties fo:margin-left="0in" fo:margin-right="0in" fo:margin-top="0.4in" fo:margin-bottom="0.4in" fo:line-height="85%" fo:text-align="center" style:justify-single-word="false" fo:text-indent="0in" style:auto-text-indent="false" style:writing-mode="lr-tb"/>
			<style:text-properties fo:font-size="24pt" fo:font-weight="bold" style:font-size-asian="24pt" style:font-weight-asian="bold" style:font-name-complex="{$fontfamily}" style:font-size-complex="24pt" style:font-weight-complex="bold"/>
		</style:style>
		<style:style style:name="T10" style:family="text">
			<style:text-properties fo:font-style="italic" style:font-style-asian="italic" style:font-style-complex="italic"/>
		</style:style>
</office:styles>	
<!--===========================================================================-->
<office:automatic-styles>
			
		
<style:style style:name="MP1" style:family="paragraph" style:parent-style-name="Header">
  <style:paragraph-properties fo:text-align="start" style:justify-single-word="false" style:writing-mode="lr-tb"/>
  <style:text-properties fo:font-weight="bold" style:font-weight-asian="bold" style:font-weight-complex="bold"/>
</style:style>

<style:style style:name="MP2" style:family="paragraph" style:parent-style-name="Footer" style:master-page-name="">
  <style:paragraph-properties fo:text-align="start" style:justify-single-word="false" style:page-number="auto" style:writing-mode="lr-tb"/>
</style:style>

<style:style style:name="MT1" style:family="text"><style:text-properties fo:font-size="14pt"/>
</style:style>

<style:style style:name="MT2" style:family="text"/>

<style:style style:name="MT3" style:family="text">
  <style:text-properties fo:font-weight="bold"/>
</style:style>

<style:style style:name="MT4" style:family="text">
  <style:text-properties fo:font-weight="bold" style:font-weight-asian="bold" style:font-weight-complex="bold"/>
</style:style>

<style:style style:name="MT5" style:family="text">
  <style:text-properties fo:font-size="18pt" fo:font-weight="bold" style:font-size-asian="18pt" style:font-weight-asian="bold" style:font-size-complex="18pt" style:font-weight-complex="bold"/>
</style:style>

<style:style style:name="MT6" style:family="text"><style:text-properties fo:font-size="12pt" fo:font-weight="bold" style:font-size-asian="18pt" style:font-weight-asian="bold" style:font-size-complex="18pt" style:font-weight-complex="bold"/>
</style:style>

<style:page-layout style:name="Mpm1" style:page-usage="mirrored">
   <style:page-layout-properties fo:page-width="8.5in" fo:page-height="11in" style:num-format="1" style:print-orientation="portrait" fo:margin-top="0.5in" fo:margin-bottom="0.5in" fo:margin-left="{$margin}in" fo:margin-right="{$guttermargin}in" style:writing-mode="rl-tb" style:footnote-max-height="0in">
      <style:columns fo:column-count="{$columncount}" fo:column-gap="0.3in">
        <style:column style:rel-width="32767*" fo:start-indent="0in" fo:end-indent="0.2in"/>
        <style:column style:rel-width="32768*" fo:start-indent="0.2in" fo:end-indent="0in"/>
      </style:columns>
      <style:footnote-sep style:width="0.0071in" style:distance-before-sep="0.0398in" style:distance-after-sep="0.0398in" style:adjustment="left" style:rel-width="25%" style:color="#000000"/>
   </style:page-layout-properties>
   <style:header-style>
      <style:header-footer-properties fo:min-height="0.4in" fo:margin-left="0in" fo:margin-right="0in" fo:margin-bottom="0.2in" style:dynamic-spacing="false"/>
   </style:header-style>
   <style:footer-style>
      <style:header-footer-properties fo:min-height="0.4in" fo:margin-left="0in" fo:margin-right="0in" fo:margin-top="0.2in" style:dynamic-spacing="false"/>
   </style:footer-style>
</style:page-layout>

<style:page-layout style:name="Mpm2">
  <style:page-layout-properties fo:page-width="8.5in" fo:page-height="11in" style:num-format="1" style:print-orientation="portrait" fo:margin-top="0.3937in" fo:margin-bottom="0.3937in" fo:margin-left="0.7874in" fo:margin-right="0.3937in" style:writing-mode="lr-tb" style:footnote-max-height="0in">
    <style:footnote-sep style:width="0.0071in" style:distance-before-sep="0.0398in" style:distance-after-sep="0.0398in" style:adjustment="left" style:rel-width="25%" style:color="#000000"/>
  </style:page-layout-properties>
  <style:header-style/>
  <style:footer-style/>
</style:page-layout>

<style:page-layout style:name="Mpm3">
  <style:page-layout-properties fo:page-width="8.5in" fo:page-height="11in" style:num-format="1" style:print-orientation="portrait" fo:margin-top="0.5in" fo:margin-bottom="0.5in" fo:margin-left="1.2598in" fo:margin-right="0.4902in" fo:border="0.0362in double #000000" style:border-line-width="0.0008in 0.0346in 0.0008in" fo:padding="0.2in" style:shadow="none" style:writing-mode="lr-tb" style:footnote-max-height="0in">
    <style:columns fo:column-count="1" fo:column-gap="0in"/><style:footnote-sep style:width="0.0071in" style:distance-before-sep="0.0398in" style:distance-after-sep="0.0398in" style:adjustment="left" style:rel-width="25%" style:color="#000000"/>
  </style:page-layout-properties>
  <style:header-style/>
  <style:footer-style>
    <style:header-footer-properties fo:min-height="0.4in" fo:margin-left="0in" fo:margin-right="0in" fo:margin-top="0.2in" style:dynamic-spacing="false"/>
  </style:footer-style>
</style:page-layout>


</office:automatic-styles>
<!--===========================================================================-->

<office:master-styles>

  <style:master-page style:name="Standard" style:page-layout-name="Mpm1"  >
    <style:header>
      <text:p text:style-name="MP1">
        <text:chapter text:display="name" text:outline-level="1">Daniel 2</text:chapter> 
        <text:tab/> 
        <text:span text:style-name="MT1">Unicode/XML Westminster Leningrad Codex</text:span> 
      </text:p>
    </style:header>
    <style:header-left>
      <text:p text:style-name="MP1">
        <text:tab/> 
        <text:span text:style-name="MT1">The Westminster Leningrad Codex</text:span>
        <text:tab/> 
        <text:chapter text:display="name" text:outline-level="1">Daniel 4</text:chapter> 
      </text:p>
    </style:header-left>
    <style:footer>
      <text:p text:style-name="MP2">
        <text:span text:style-name="WLC-pagenumber"><text:page-number text:select-page="current">6</text:page-number></text:span>
        <text:span text:style-name="WLC-pagenumber"> </text:span><text:tab/> <text:tab/> 
        <text:span text:style-name="MT3"><text:chapter text:display="number" text:outline-level="1"/></text:span>
        <text:span text:style-name="MT3"><text:chapter text:display="name" text:outline-level="1">Daniel 5</text:chapter></text:span>
        <text:span text:style-name="MT3"> </text:span><text:span text:style-name="MT4"><text:tab/> </text:span>
        <text:span text:style-name="MT5"><text:s/></text:span>
      </text:p>
    </style:footer>
    <style:footer-left>
      <text:p text:style-name="MP2">
        <text:span text:style-name="MT6"><text:chapter text:display="name" text:outline-level="1">Daniel 4</text:chapter></text:span>
        <text:span text:style-name="MT5"><text:tab/> <text:tab/> </text:span>
        <text:span text:style-name="WLC-pagenumber"><text:page-number text:select-page="current">6</text:page-number></text:span>
        <text:span text:style-name="WLC-pagenumber"> </text:span>
        <text:span text:style-name="MT5"><text:s/><text:tab/> <text:tab/> </text:span>
        <text:span text:style-name="MT5"><text:s/></text:span>
      </text:p>
    </style:footer-left>
  </style:master-page>
  
  <style:master-page style:name="HTML" style:page-layout-name="Mpm2"/>
  
  <style:master-page style:name="WLC-final" style:page-layout-name="Mpm3">
    <style:footer>
      <text:p text:style-name="Footer">
        <text:span text:style-name="WLC-pagenumber"><text:page-number text:select-page="current">6</text:page-number></text:span>
        <text:span text:style-name="WLC-pagenumber"> </text:span>
        <text:span text:style-name="WLC-pagenumber"><text:tab/> <text:tab/> </text:span>
      </text:p>
    </style:footer>
  </style:master-page>
</office:master-styles>
<!--========================================================================================================-->
</office:document-styles>
</xsl:template>
<!--========================================================================================================-->
<!--=========================================================================-->
</xsl:stylesheet>
<!--=========================================================================-->
